/*
 Navicat Premium Data Transfer

 Source Server         : localhost3306
 Source Server Type    : MySQL
 Source Server Version : 50727
 Source Host           : localhost:3306
 Source Schema         : db_news_sys

 Target Server Type    : MySQL
 Target Server Version : 50727
 File Encoding         : 65001

 Date: 30/06/2021 20:43:04
*/

SET NAMES utf8mb4;
SET FOREIGN_KEY_CHECKS = 0;

-- ----------------------------
-- Table structure for authority
-- ----------------------------
DROP TABLE IF EXISTS `authority`;
CREATE TABLE `authority`  (
  `id` int(11) NOT NULL AUTO_INCREMENT,
  `roleId` int(11) NOT NULL,
  `menuId` int(11) NOT NULL,
  PRIMARY KEY (`id`) USING BTREE,
  INDEX `roleId`(`roleId`) USING BTREE,
  INDEX `menuId`(`menuId`) USING BTREE,
  CONSTRAINT `authority_ibfk_1` FOREIGN KEY (`roleId`) REFERENCES `role` (`id`) ON DELETE RESTRICT ON UPDATE RESTRICT,
  CONSTRAINT `authority_ibfk_2` FOREIGN KEY (`menuId`) REFERENCES `menu` (`id`) ON DELETE RESTRICT ON UPDATE RESTRICT
) ENGINE = InnoDB AUTO_INCREMENT = 244 CHARACTER SET = utf8 COLLATE = utf8_general_ci ROW_FORMAT = Dynamic;

-- ----------------------------
-- Records of authority
-- ----------------------------
INSERT INTO `authority` VALUES (148, 2, 35);
INSERT INTO `authority` VALUES (149, 2, 36);
INSERT INTO `authority` VALUES (150, 2, 25);
INSERT INTO `authority` VALUES (151, 2, 1);
INSERT INTO `authority` VALUES (152, 2, 14);
INSERT INTO `authority` VALUES (153, 2, 15);
INSERT INTO `authority` VALUES (210, 1, 1);
INSERT INTO `authority` VALUES (211, 1, 5);
INSERT INTO `authority` VALUES (212, 1, 17);
INSERT INTO `authority` VALUES (213, 1, 18);
INSERT INTO `authority` VALUES (214, 1, 19);
INSERT INTO `authority` VALUES (215, 1, 20);
INSERT INTO `authority` VALUES (216, 1, 13);
INSERT INTO `authority` VALUES (217, 1, 21);
INSERT INTO `authority` VALUES (218, 1, 22);
INSERT INTO `authority` VALUES (219, 1, 23);
INSERT INTO `authority` VALUES (220, 1, 35);
INSERT INTO `authority` VALUES (221, 1, 36);
INSERT INTO `authority` VALUES (222, 1, 14);
INSERT INTO `authority` VALUES (223, 1, 15);
INSERT INTO `authority` VALUES (224, 1, 24);
INSERT INTO `authority` VALUES (225, 1, 25);
INSERT INTO `authority` VALUES (226, 1, 26);
INSERT INTO `authority` VALUES (227, 1, 31);
INSERT INTO `authority` VALUES (228, 1, 32);
INSERT INTO `authority` VALUES (229, 1, 33);
INSERT INTO `authority` VALUES (230, 1, 34);
INSERT INTO `authority` VALUES (231, 1, 37);
INSERT INTO `authority` VALUES (232, 1, 38);
INSERT INTO `authority` VALUES (233, 1, 39);
INSERT INTO `authority` VALUES (234, 1, 40);
INSERT INTO `authority` VALUES (235, 1, 41);
INSERT INTO `authority` VALUES (236, 1, 42);
INSERT INTO `authority` VALUES (237, 1, 43);
INSERT INTO `authority` VALUES (238, 1, 44);
INSERT INTO `authority` VALUES (239, 1, 45);
INSERT INTO `authority` VALUES (240, 1, 46);
INSERT INTO `authority` VALUES (241, 1, 47);
INSERT INTO `authority` VALUES (242, 1, 48);
INSERT INTO `authority` VALUES (243, 1, 49);

-- ----------------------------
-- Table structure for c3p0testtable
-- ----------------------------
DROP TABLE IF EXISTS `c3p0testtable`;
CREATE TABLE `c3p0testtable`  (
  `a` char(1) CHARACTER SET utf8 COLLATE utf8_general_ci NULL DEFAULT NULL
) ENGINE = InnoDB CHARACTER SET = utf8 COLLATE = utf8_general_ci ROW_FORMAT = Dynamic;

-- ----------------------------
-- Records of c3p0testtable
-- ----------------------------

-- ----------------------------
-- Table structure for comment
-- ----------------------------
DROP TABLE IF EXISTS `comment`;
CREATE TABLE `comment`  (
  `id` int(11) NOT NULL AUTO_INCREMENT,
  `newsId` int(11) NOT NULL,
  `nickname` varchar(32) CHARACTER SET utf8 COLLATE utf8_general_ci NOT NULL,
  `content` varchar(512) CHARACTER SET utf8 COLLATE utf8_general_ci NOT NULL,
  `createTime` datetime(0) NOT NULL,
  PRIMARY KEY (`id`) USING BTREE,
  INDEX `newsId`(`newsId`) USING BTREE,
  CONSTRAINT `comment_ibfk_1` FOREIGN KEY (`newsId`) REFERENCES `news` (`id`) ON DELETE RESTRICT ON UPDATE RESTRICT
) ENGINE = InnoDB AUTO_INCREMENT = 21 CHARACTER SET = utf8 COLLATE = utf8_general_ci ROW_FORMAT = Dynamic;

-- ----------------------------
-- Records of comment
-- ----------------------------
INSERT INTO `comment` VALUES (4, 2, '哈哈哈', '测试', '2018-12-23 15:07:00');
INSERT INTO `comment` VALUES (5, 2, '哈哈哈', '你好', '2018-12-23 15:07:13');
INSERT INTO `comment` VALUES (6, 2, '猿来入此', '猿来入此网站真是好啊！', '2018-12-23 15:07:36');
INSERT INTO `comment` VALUES (7, 2, '猿来入此', '猿来入此真是棒啊！', '2018-12-23 15:08:36');
INSERT INTO `comment` VALUES (8, 2, '猿来入此', '哈哈哈哈！', '2018-12-23 15:08:43');
INSERT INTO `comment` VALUES (9, 2, '猿来入此', '评论测试v报告！', '2018-12-23 15:30:10');
INSERT INTO `comment` VALUES (10, 2, '猿来入此', '你好', '2018-12-23 15:40:21');
INSERT INTO `comment` VALUES (11, 2, '小明', '人呢？', '2018-12-23 15:40:36');
INSERT INTO `comment` VALUES (12, 3, '猿来入此', '好想去啊！', '2018-12-23 15:41:20');
INSERT INTO `comment` VALUES (13, 11, '娱乐纪检委', '祝你们幸福美满！', '2018-12-23 15:42:05');
INSERT INTO `comment` VALUES (14, 7, '猿来入此', '真厉害！', '2018-12-23 21:34:13');
INSERT INTO `comment` VALUES (15, 2, '慢慢来', '有人说慢慢来会比较块！', '2018-12-23 21:34:52');
INSERT INTO `comment` VALUES (16, 2, '小明', '小明是个好同学！', '2018-12-23 21:35:14');
INSERT INTO `comment` VALUES (17, 2, '猿来入此', '哈哈哈哈！', '2018-12-23 21:35:45');
INSERT INTO `comment` VALUES (18, 13, '吃瓜群众', ' 这样就不好了吧！', '2018-12-23 21:44:36');
INSERT INTO `comment` VALUES (19, 4, 'ls', '评论测试', '2021-05-31 14:33:08');
INSERT INTO `comment` VALUES (20, 14, '从零开始', '评论测试一点', '2021-06-06 09:35:23');

-- ----------------------------
-- Table structure for log
-- ----------------------------
DROP TABLE IF EXISTS `log`;
CREATE TABLE `log`  (
  `id` int(11) NOT NULL AUTO_INCREMENT,
  `content` varchar(255) CHARACTER SET utf8 COLLATE utf8_general_ci NOT NULL,
  `createTime` datetime(0) NULL DEFAULT NULL,
  PRIMARY KEY (`id`) USING BTREE
) ENGINE = InnoDB AUTO_INCREMENT = 85 CHARACTER SET = utf8 COLLATE = utf8_general_ci ROW_FORMAT = Dynamic;

-- ----------------------------
-- Records of log
-- ----------------------------
INSERT INTO `log` VALUES (13, '用户名为admin的用户登录时输入验证码错误!', '2018-12-16 18:17:30');
INSERT INTO `log` VALUES (14, '用户名为{admin}，角色为{超级管理员}的用户登录成功!', '2018-12-16 18:22:56');
INSERT INTO `log` VALUES (15, '用户名为{admin}，角色为{超级管理员}的用户登录成功!', '2018-12-16 18:37:15');
INSERT INTO `log` VALUES (16, '用户名为{admin}，角色为{超级管理员}的用户登录成功!', '2018-12-16 18:40:21');
INSERT INTO `log` VALUES (17, '用户名为{admin}，角色为{超级管理员}的用户登录成功!', '2018-12-16 19:11:49');
INSERT INTO `log` VALUES (18, '用户名为{admin}，的用户成功修改密码!', '2018-12-16 19:13:32');
INSERT INTO `log` VALUES (19, '用户名为{admin}，的用户成功修改密码!', '2018-12-16 19:14:01');
INSERT INTO `log` VALUES (20, '用户名为{猿来入此}，角色为{普通用户}的用户登录成功!', '2018-12-16 19:17:46');
INSERT INTO `log` VALUES (21, '用户名为{admin}，角色为{超级管理员}的用户登录成功!', '2018-12-20 21:51:57');
INSERT INTO `log` VALUES (22, '用户名为{admin}，角色为{超级管理员}的用户登录成功!', '2018-12-20 21:58:51');
INSERT INTO `log` VALUES (23, '用户名为{admin}，角色为{超级管理员}的用户登录成功!', '2018-12-21 20:14:49');
INSERT INTO `log` VALUES (24, '用户名为{admin}，角色为{超级管理员}的用户登录成功!', '2018-12-21 20:22:49');
INSERT INTO `log` VALUES (25, '用户名为{admin}，角色为{超级管理员}的用户登录成功!', '2018-12-21 20:23:43');
INSERT INTO `log` VALUES (26, '用户名为{admin}，角色为{超级管理员}的用户登录成功!', '2018-12-21 21:07:39');
INSERT INTO `log` VALUES (27, '用户名为{admin}，角色为{超级管理员}的用户登录成功!', '2018-12-21 21:18:38');
INSERT INTO `log` VALUES (28, '用户名为{admin}，角色为{超级管理员}的用户登录成功!', '2018-12-21 22:03:27');
INSERT INTO `log` VALUES (29, '用户名为{admin}，角色为{超级管理员}的用户登录成功!', '2018-12-21 22:31:49');
INSERT INTO `log` VALUES (30, '用户名为{admin}，角色为{超级管理员}的用户登录成功!', '2018-12-21 22:32:58');
INSERT INTO `log` VALUES (31, '用户名为{admin}，角色为{超级管理员}的用户登录成功!', '2018-12-21 22:38:50');
INSERT INTO `log` VALUES (32, '用户名为{admin}，角色为{超级管理员}的用户登录成功!', '2018-12-22 10:26:00');
INSERT INTO `log` VALUES (33, '用户名为admin的用户登录时输入验证码错误!', '2018-12-22 10:36:53');
INSERT INTO `log` VALUES (34, '用户名为{admin}，角色为{超级管理员}的用户登录成功!', '2018-12-22 10:37:04');
INSERT INTO `log` VALUES (35, '用户名为{admin}，角色为{超级管理员}的用户登录成功!', '2018-12-22 11:08:04');
INSERT INTO `log` VALUES (36, '用户名为{admin}，角色为{超级管理员}的用户登录成功!', '2018-12-22 11:59:39');
INSERT INTO `log` VALUES (37, '用户名为{admin}，角色为{超级管理员}的用户登录成功!', '2018-12-22 12:06:29');
INSERT INTO `log` VALUES (38, '用户名为{admin}，角色为{超级管理员}的用户登录成功!', '2018-12-22 12:17:20');
INSERT INTO `log` VALUES (39, '用户名为{admin}，角色为{超级管理员}的用户登录成功!', '2018-12-22 12:21:20');
INSERT INTO `log` VALUES (40, '用户名为{admin}，角色为{超级管理员}的用户登录成功!', '2018-12-22 13:05:44');
INSERT INTO `log` VALUES (41, '用户名为{admin}，角色为{超级管理员}的用户登录成功!', '2018-12-22 13:07:30');
INSERT INTO `log` VALUES (42, '用户名为{admin}，角色为{超级管理员}的用户登录成功!', '2018-12-22 13:16:00');
INSERT INTO `log` VALUES (43, '用户名为{admin}，角色为{超级管理员}的用户登录成功!', '2018-12-22 14:28:56');
INSERT INTO `log` VALUES (44, '用户名为{admin}，角色为{超级管理员}的用户登录成功!', '2018-12-22 14:33:41');
INSERT INTO `log` VALUES (45, '用户名为{admin}，角色为{超级管理员}的用户登录成功!', '2018-12-22 15:31:07');
INSERT INTO `log` VALUES (46, '用户名为{admin}，角色为{超级管理员}的用户登录成功!', '2018-12-22 15:35:02');
INSERT INTO `log` VALUES (47, '用户名为{admin}，角色为{超级管理员}的用户登录成功!', '2018-12-22 15:36:32');
INSERT INTO `log` VALUES (48, '用户名为{admin}，角色为{超级管理员}的用户登录成功!', '2018-12-22 16:06:20');
INSERT INTO `log` VALUES (49, '用户名为{admin}，角色为{超级管理员}的用户登录成功!', '2018-12-22 16:09:48');
INSERT INTO `log` VALUES (50, '用户名为admin的用户登录时输入验证码错误!', '2018-12-22 16:19:05');
INSERT INTO `log` VALUES (51, '用户名为{admin}，角色为{超级管理员}的用户登录成功!', '2018-12-22 16:19:20');
INSERT INTO `log` VALUES (52, '用户名为admin的用户登录时输入验证码错误!', '2018-12-22 16:20:47');
INSERT INTO `log` VALUES (53, '用户名为{admin}，角色为{超级管理员}的用户登录成功!', '2018-12-22 16:20:59');
INSERT INTO `log` VALUES (54, '用户名为{admin}，角色为{超级管理员}的用户登录成功!', '2018-12-23 11:10:10');
INSERT INTO `log` VALUES (55, '用户名为{admin}，角色为{超级管理员}的用户登录成功!', '2018-12-23 12:38:51');
INSERT INTO `log` VALUES (56, '用户名为{admin}，角色为{超级管理员}的用户登录成功!', '2018-12-23 14:39:48');
INSERT INTO `log` VALUES (57, '用户名为admin的用户登录时输入验证码错误!', '2018-12-23 21:29:13');
INSERT INTO `log` VALUES (58, '用户名为{admin}，角色为{超级管理员}的用户登录成功!', '2018-12-23 21:29:23');
INSERT INTO `log` VALUES (59, '用户名为{admin}，角色为{超级管理员}的用户登录成功!', '2018-12-23 21:39:25');
INSERT INTO `log` VALUES (60, '用户名为{admin}，角色为{超级管理员}的用户登录成功!', '2021-04-23 13:26:13');
INSERT INTO `log` VALUES (61, '用户名为{admin}，角色为{超级管理员}的用户登录成功!', '2021-04-24 12:24:11');
INSERT INTO `log` VALUES (62, '用户名为{admin}，角色为{超级管理员}的用户登录成功!', '2021-05-31 14:30:09');
INSERT INTO `log` VALUES (63, '用户名为admin的用户登录时输入密码错误!', '2021-05-31 16:04:06');
INSERT INTO `log` VALUES (64, '用户名为{admin}，角色为{超级管理员}的用户登录成功!', '2021-05-31 16:04:15');
INSERT INTO `log` VALUES (65, '用户名为{admin}，角色为{超级管理员}的用户登录成功!', '2021-05-31 16:35:29');
INSERT INTO `log` VALUES (66, '用户名为{admin}，角色为{超级管理员}的用户登录成功!', '2021-06-05 17:06:49');
INSERT INTO `log` VALUES (67, '用户名为admin的用户登录时输入验证码错误!', '2021-06-05 17:08:55');
INSERT INTO `log` VALUES (68, '用户名为{admin}，角色为{超级管理员}的用户登录成功!', '2021-06-05 17:09:01');
INSERT INTO `log` VALUES (69, '用户名为admin的用户登录时输入验证码错误!', '2021-06-05 17:11:10');
INSERT INTO `log` VALUES (70, '用户名为{admin}，角色为{超级管理员}的用户登录成功!', '2021-06-05 17:11:16');
INSERT INTO `log` VALUES (71, '用户名为{admin}，角色为{超级管理员}的用户登录成功!', '2021-06-05 17:13:58');
INSERT INTO `log` VALUES (72, '用户名为{admin}，角色为{超级管理员}的用户登录成功!', '2021-06-06 09:39:56');
INSERT INTO `log` VALUES (73, '用户名为{猿来入此}，角色为{普通用户}的用户登录成功!', '2021-06-06 09:47:07');
INSERT INTO `log` VALUES (74, '用户名为{admin}，角色为{超级管理员}的用户登录成功!', '2021-06-06 09:47:55');
INSERT INTO `log` VALUES (75, '用户名为{猿来入此}，角色为{普通用户}的用户登录成功!', '2021-06-06 09:48:23');
INSERT INTO `log` VALUES (76, '用户名为{admin}，角色为{超级管理员}的用户登录成功!', '2021-06-06 09:48:40');
INSERT INTO `log` VALUES (77, '用户名为{admin}，角色为{超级管理员}的用户登录成功!', '2021-06-06 10:56:55');
INSERT INTO `log` VALUES (78, '用户名为{admin}，角色为{超级管理员}的用户登录成功!', '2021-06-06 14:11:27');
INSERT INTO `log` VALUES (79, '用户名为{猿来入此}，角色为{普通用户}的用户登录成功!', '2021-06-06 14:37:50');
INSERT INTO `log` VALUES (80, '用户名为{admin}，角色为{超级管理员}的用户登录成功!', '2021-06-07 09:56:24');
INSERT INTO `log` VALUES (81, '用户名为{admin}，角色为{超级管理员}的用户登录成功!', '2021-06-07 10:39:53');
INSERT INTO `log` VALUES (82, '用户名为{admin}，角色为{超级管理员}的用户登录成功!', '2021-06-07 10:41:42');
INSERT INTO `log` VALUES (83, '用户名为{admin}，角色为{超级管理员}的用户登录成功!', '2021-06-07 14:33:43');
INSERT INTO `log` VALUES (84, '用户名为{admin}，角色为{超级管理员}的用户登录成功!', '2021-06-07 15:04:09');

-- ----------------------------
-- Table structure for menu
-- ----------------------------
DROP TABLE IF EXISTS `menu`;
CREATE TABLE `menu`  (
  `id` int(11) NOT NULL AUTO_INCREMENT,
  `parentId` int(11) NOT NULL DEFAULT -1,
  `name` varchar(32) CHARACTER SET utf8 COLLATE utf8_general_ci NOT NULL,
  `url` varchar(128) CHARACTER SET utf8 COLLATE utf8_general_ci NULL DEFAULT NULL,
  `icon` varchar(32) CHARACTER SET utf8 COLLATE utf8_general_ci NOT NULL,
  PRIMARY KEY (`id`) USING BTREE
) ENGINE = InnoDB AUTO_INCREMENT = 52 CHARACTER SET = utf8 COLLATE = utf8_general_ci ROW_FORMAT = Dynamic;

-- ----------------------------
-- Records of menu
-- ----------------------------
INSERT INTO `menu` VALUES (1, 0, '系统设置', '', 'icon-advancedsettings');
INSERT INTO `menu` VALUES (5, 1, '菜单管理', '../admin/menu/list', 'icon-chart-organisation');
INSERT INTO `menu` VALUES (13, 1, '角色管理', '../admin/role/list', 'icon-group-key');
INSERT INTO `menu` VALUES (14, 0, '用户管理', '', 'icon-group-gear');
INSERT INTO `menu` VALUES (15, 14, '用户列表', '../admin/user/list', 'icon-group');
INSERT INTO `menu` VALUES (17, 5, '添加', 'openAdd()', 'icon-add');
INSERT INTO `menu` VALUES (18, 5, '编辑', 'openEdit()', 'icon-bullet-edit');
INSERT INTO `menu` VALUES (19, 5, '删除', 'remove()', 'icon-cross');
INSERT INTO `menu` VALUES (20, 5, '添加按钮', 'openAddMenu()', 'icon-add');
INSERT INTO `menu` VALUES (21, 13, '添加', 'openAdd()', 'icon-add');
INSERT INTO `menu` VALUES (22, 13, '编辑', 'openEdit()', 'icon-bullet-edit');
INSERT INTO `menu` VALUES (23, 13, '删除', 'remove()', 'icon-cross');
INSERT INTO `menu` VALUES (24, 15, '添加', 'openAdd()', 'icon-add');
INSERT INTO `menu` VALUES (25, 15, '编辑', 'openEdit()', 'icon-bullet-edit');
INSERT INTO `menu` VALUES (26, 15, '删除', 'remove()', 'icon-cross');
INSERT INTO `menu` VALUES (31, 0, '系统日志', '', 'icon-table-cell');
INSERT INTO `menu` VALUES (32, 31, '日志列表', '../admin/log/list', 'icon-page-white-text');
INSERT INTO `menu` VALUES (33, 32, '添加日志', 'openAdd()', 'icon-add1');
INSERT INTO `menu` VALUES (34, 32, '删除', 'remove()', 'icon-cancel');
INSERT INTO `menu` VALUES (35, 1, '修改密码', 'edit_password', 'icon-lock-edit');
INSERT INTO `menu` VALUES (36, 35, '修改密码', 'openAdd()', 'icon-lock-edit');
INSERT INTO `menu` VALUES (37, 0, '新闻管理', '', 'icon-feed');
INSERT INTO `menu` VALUES (38, 37, '分类管理', '../admin/news_category/list', 'icon-feed-star');
INSERT INTO `menu` VALUES (39, 38, '添加', 'openAdd()', 'icon-add');
INSERT INTO `menu` VALUES (40, 38, '编辑', 'openEdit()', 'icon-bullet-edit');
INSERT INTO `menu` VALUES (41, 38, '删除', 'remove()', 'icon-cross');
INSERT INTO `menu` VALUES (42, 37, '新闻管理', '../admin/news/list', 'icon-feed-edit');
INSERT INTO `menu` VALUES (43, 42, '添加', 'openAdd()', 'icon-add');
INSERT INTO `menu` VALUES (44, 42, '编辑', 'openEdit()', 'icon-bullet-edit');
INSERT INTO `menu` VALUES (45, 42, '删除', 'remove()', 'icon-cross');
INSERT INTO `menu` VALUES (46, 37, '评论管理', '../admin/comment/list', 'icon-comment');
INSERT INTO `menu` VALUES (47, 46, '添加', 'openAdd()', 'icon-add');
INSERT INTO `menu` VALUES (48, 46, '编辑', 'openEdit()', 'icon-bullet-edit');
INSERT INTO `menu` VALUES (49, 46, '删除', 'remove()', 'icon-cross');
INSERT INTO `menu` VALUES (50, 0, '测试菜单1', '', 'icon-application');
INSERT INTO `menu` VALUES (51, 50, '二级菜单', 'demo()', 'icon-application-double');

-- ----------------------------
-- Table structure for news
-- ----------------------------
DROP TABLE IF EXISTS `news`;
CREATE TABLE `news`  (
  `id` int(11) NOT NULL AUTO_INCREMENT,
  `categoryId` int(11) NOT NULL,
  `title` varchar(128) CHARACTER SET utf8 COLLATE utf8_general_ci NOT NULL,
  `abstrs` varchar(512) CHARACTER SET utf8 COLLATE utf8_general_ci NOT NULL,
  `tags` varchar(128) CHARACTER SET utf8 COLLATE utf8_general_ci NOT NULL,
  `photo` varchar(64) CHARACTER SET utf8 COLLATE utf8_general_ci NOT NULL,
  `author` varchar(32) CHARACTER SET utf8 COLLATE utf8_general_ci NOT NULL,
  `content` longtext CHARACTER SET utf8 COLLATE utf8_general_ci NOT NULL,
  `viewNumber` int(8) NOT NULL DEFAULT 0,
  `commentNumber` int(5) NOT NULL DEFAULT 0,
  `createTime` datetime(0) NOT NULL,
  PRIMARY KEY (`id`) USING BTREE,
  INDEX `categoryId`(`categoryId`) USING BTREE,
  CONSTRAINT `news_ibfk_1` FOREIGN KEY (`categoryId`) REFERENCES `news_category` (`id`) ON DELETE RESTRICT ON UPDATE RESTRICT
) ENGINE = InnoDB AUTO_INCREMENT = 18 CHARACTER SET = utf8 COLLATE = utf8_general_ci ROW_FORMAT = Dynamic;

-- ----------------------------
-- Records of news
-- ----------------------------
INSERT INTO `news` VALUES (2, 5, '猿来入此IT项目开发实战教程', '猿来入此，专注于IT实战项目开发，我们的理念是学一千遍不如动手做一遍，在实战项目中反哺理论概念知识。', '项目源码,开发教程', '/News/resources/upload/news-pic.jpg', '猿来入此', '<h1 style=\"font-size: 32px; font-weight: bold; border-bottom: 2px solid rgb(204, 204, 204); padding: 0px 4px 0px 0px; text-align: center; margin: 0px 0px 20px;\">猿来入此</h1><p>网站网址：<a href=\"http://programmer.ischoolbar.com\" target=\"_blank\">http://programmer.ischoolbar.com</a></p><p><br/></p><p>网站名称：猿来入此</p><p><br/></p><p>网站内容：主要是Java实战项目教程，也有很多Java经典项目，可用作毕业设计、大作业等等。</p><p><br/></p><p>面向对象：Java爱好者、大学生、程序员。</p><p><br/></p><p>目前有人在倒卖我的项目，淘宝官方店铺：沐伊科技和沐伊科技一分店。不是这两个店铺那就是倒卖的。</p><p><br/></p><p>建议从官网获取项目源码和教程！</p><p><img src=\"http://img.baidu.com/hi/jx2/j_0002.gif\"/><img src=\"http://img.baidu.com/hi/jx2/j_0058.gif\"/><img src=\"http://img.baidu.com/hi/jx2/j_0002.gif\"/></p><p></p>', 33, 13, '2018-12-22 14:36:24');
INSERT INTO `news` VALUES (3, 5, '冬季到上海来看企鹅生蛋，海昌海洋公园极地冰雪节开幕', '新民晚报讯（记者 孙云）冬季到上海不一定能看到雪，不过可以看到企鹅生蛋和破壳孵化哦。今天上午，上海海昌海洋公园开启极地冰雪节活动，时间将持续至2019年2月19日元宵节。', '旅游,海洋公园', '/News/resources/upload/1545466407090.jpg', '猿来入此', '<p style=\"box-sizing: border-box; margin-top: 10px; margin-bottom: 0px; padding: 0px; border: 0px; font-stretch: normal; line-height: 31px; font-family: &quot;Microsoft YaHei&quot;, u5FAEu8F6Fu96C5u9ED1, Arial, SimSun, u5B8Bu4F53; letter-spacing: 1px; color: rgb(34, 34, 34); white-space: normal; background-color: rgb(255, 255, 255); text-align: center;\"><img src=\"/News/resources/upload/image/20181222/1545466366683047203.jpg\" id=\"http://img.xinmin.cn/xmwb/2018/12/NEM1_20181222_C0323531856_A1440090.jpg\"/></p><p style=\"box-sizing: border-box; margin-top: 10px; margin-bottom: 0px; padding: 0px; border: 0px; font-stretch: normal; line-height: 31px; font-family: &quot;Microsoft YaHei&quot;, u5FAEu8F6Fu96C5u9ED1, Arial, SimSun, u5B8Bu4F53; letter-spacing: 1px; color: rgb(34, 34, 34); white-space: normal; background-color: rgb(255, 255, 255); text-align: center;\"><em style=\"box-sizing: border-box;\">图说：今天上午上海海昌海洋公园开启极地冰雪节活动 孙云 摄</em></p><p style=\"box-sizing: border-box; margin-top: 10px; margin-bottom: 0px; padding: 0px; border: 0px; font-stretch: normal; line-height: 31px; font-family: &quot;Microsoft YaHei&quot;, u5FAEu8F6Fu96C5u9ED1, Arial, SimSun, u5B8Bu4F53; letter-spacing: 1px; color: rgb(34, 34, 34); white-space: normal; background-color: rgb(255, 255, 255);\">　　新民晚报讯（记者 孙云）冬季到上海不一定能看到雪，不过可以看到企鹅生蛋和破壳孵化哦。今天上午，上海海昌海洋公园开启极地冰雪节活动，时间将持续至2019年2月19日元宵节。时值冬季，初来乍到上海做客的企鹅们已进入繁殖季节，很快，上海海昌海洋公园就将迎来第一批新生企鹅宝宝，游客将在企鹅生蛋科普展上目睹企鹅从蛋中破壳而出的惊喜时刻。</p><p style=\"box-sizing: border-box; margin-top: 10px; margin-bottom: 0px; padding: 0px; border: 0px; font-stretch: normal; line-height: 31px; font-family: &quot;Microsoft YaHei&quot;, u5FAEu8F6Fu96C5u9ED1, Arial, SimSun, u5B8Bu4F53; letter-spacing: 1px; color: rgb(34, 34, 34); white-space: normal; background-color: rgb(255, 255, 255);\">　　今天上午，具有“冰雪公主”之称的自由式滑雪世界冠军李妮娜受聘“上海海昌海洋公园·极地冰雪节”爱心大使，与海豚、虎鲸、企鹅等极地海洋动物们进行了亲密互动。极地冰雪节期间，海昌海洋公园将推出海洋大马戏、海洋动物大拜年等系列主题活动，并推出门票特惠：2018年12月17日-2019年1月1日期间，平日标准票为279 元/张，优待票为150 元/张；高峰日标准票为316 元/张，优待票为200 元/张。</p><p style=\"box-sizing: border-box; margin-top: 10px; margin-bottom: 0px; padding: 0px; border: 0px; font-stretch: normal; line-height: 31px; font-family: &quot;Microsoft YaHei&quot;, u5FAEu8F6Fu96C5u9ED1, Arial, SimSun, u5B8Bu4F53; letter-spacing: 1px; color: rgb(34, 34, 34); white-space: normal; background-color: rgb(255, 255, 255);\">　　元旦小长假期间，上海海昌海洋公园还将首度开放夜场模式，运营时间延长至晚上8时30分，并开售价格从150元起的“星光夜场票”。游客在观赏夜晚极地海洋动物生活状态的同时，更可感受星空下海洋梦幻花车巡游的独特魅力。</p><p><br/></p>', 3, 2, '2018-12-22 16:13:40');
INSERT INTO `news` VALUES (4, 10, '车王苏醒？迈克尔·舒马赫病情现好转', '据外媒报道，已经“昏迷”5年的7届F1世界冠军迈克尔·舒马赫情况出现好转，已经不是“卧床不起或依靠插管维持生命”了，但仍需接受护理与治疗。', '国际新闻', '/News/resources/upload/1545467059497.jpg', '猿来入此', '<p style=\"margin-top: 15px; margin-bottom: 15px; padding: 0px; border: 0px; font-variant-numeric: inherit; font-stretch: inherit; line-height: 31px; font-family: \"><a href=\"https://www.autohome.com.cn/img/?img=newsdfs/g29/M03/D9/DB/autohomecar__ChsEflwYsxCAC5OOAAN0URxCV40644.jpg\" target=\"_blank\" style=\"margin: 0px; padding: 0px; border: 0px; font-style: inherit; font-variant: inherit; font-weight: inherit; font-stretch: inherit; font-size: inherit; line-height: inherit; font-family: inherit; vertical-align: baseline; text-decoration-line: none; color: rgb(56, 110, 211);\"><img width=\"744\" alt=\"汽车之家\" src=\"/News/resources/upload/image/20181222/1545467039326011486.jpg\"/></a></p><p style=\"margin-top: 15px; margin-bottom: 15px; padding: 0px; border: 0px; font-variant-numeric: inherit; font-stretch: inherit; line-height: 31px; font-family: \">　　2013年12月，当迈克尔·舒马赫和儿子米克在法国阿尔卑斯山滑雪时，这位备受瞩目的F1世界冠军不幸遭受重伤，之后一直处于昏迷状态。</p><p style=\"margin-top: 15px; margin-bottom: 15px; padding: 0px; border: 0px; font-variant-numeric: inherit; font-stretch: inherit; line-height: 31px; font-family: \"><a href=\"https://www.autohome.com.cn/img/?img=newsdfs/g26/M05/D7/6A/autohomecar__ChsEe1wYsgyAVNoTAARdy0DD2vw456.jpg\" target=\"_blank\" style=\"margin: 0px; padding: 0px; border: 0px; font-style: inherit; font-variant: inherit; font-weight: inherit; font-stretch: inherit; font-size: inherit; line-height: inherit; font-family: inherit; vertical-align: baseline; text-decoration-line: none; color: rgb(56, 110, 211);\"><img width=\"744\" alt=\"汽车之家\" src=\"/News/resources/upload/image/20181222/1545467039543003803.jpg\"/></a></p><p style=\"margin-top: 15px; margin-bottom: 15px; padding: 0px; border: 0px; font-variant-numeric: inherit; font-stretch: inherit; line-height: 31px; font-family: \">　　由于此前早些时候，迈克尔·舒马赫一直有“从公共视线中隐去”的想法，所以他的家人一直对他状况保持缄默，也让大批车迷对他的健康状况一无所知。而舒马克一直在瑞士日内瓦湖附近的住宅中由一群医学专家照料。据悉，在家中接受治疗时，每周的费用高达50000英镑，约合人民币43.4万元。</p><p style=\"margin-top: 15px; margin-bottom: 15px; padding: 0px; border: 0px; font-variant-numeric: inherit; font-stretch: inherit; line-height: 31px; font-family: \"><a href=\"https://www.autohome.com.cn/img/?img=newsdfs/g28/M03/D3/52/autohomecar__ChcCR1wYsguAAMgGAAaWN2CFC6Y064.jpg\" target=\"_blank\" style=\"margin: 0px; padding: 0px; border: 0px; font-style: inherit; font-variant: inherit; font-weight: inherit; font-stretch: inherit; font-size: inherit; line-height: inherit; font-family: inherit; vertical-align: baseline; text-decoration-line: none; color: rgb(56, 110, 211);\"><img width=\"744\" alt=\"汽车之家\" src=\"/News/resources/upload/image/20181222/1545467039636073640.jpg\"/></a></p><p style=\"margin-top: 15px; margin-bottom: 15px; padding: 0px; border: 0px; font-variant-numeric: inherit; font-stretch: inherit; line-height: 31px; font-family: \">　　根据德国杂志《Bravo》报道，舒马赫已经被转移到美国德克萨斯州达拉斯一间诊所，接受专门的脑损伤治疗。诊所负责人Mark Weeks告诉杂志：“我们有很多的经验，可以治疗遭受这种创伤的患者。”</p><p style=\"margin-top: 15px; margin-bottom: 15px; padding: 0px; border: 0px; font-variant-numeric: inherit; font-stretch: inherit; line-height: 31px; font-family: \">　　从舒马赫重伤之后，对于他的健康状况就成了所有F1车迷的焦点，无论他现状如何，都希望他能够早早好转起来。（编辑/汽车之家 郭枫）</p><p><br/></p>', 4, 1, '2018-12-22 16:24:32');
INSERT INTO `news` VALUES (5, 14, '3亿美元一架！美军第六代战斗机造价吓住国会', '【环球时报报道 特约记者 张亦驰】在俄罗斯与中国研制的第五代隐形战斗机相继问世后，为确保“绝对制空权”，美空军迅速开启了第六代战斗机的预研工作。不过美国《防务新闻》网站15日称，美国政府部门首次对这种未来战斗机的成本进行了评估，结果高得惊人——它的价格将是F-35隐形战斗机的3倍，单价达到3亿美元。如何解决下一代战斗机装备数量、单机性能和经济可承受性之间的矛盾，成为摆在美国空军面前的一大难题。', '军事', '/News/resources/upload/1545534731624.jpeg', '猿来入此', '<p class=\"otitle\" style=\"margin-top: 32px; margin-bottom: 0px; padding: 0px; font-size: 18px; text-indent: 2em; font-stretch: normal; line-height: 32px; font-family: &quot;Microsoft Yahei&quot;; color: rgb(64, 64, 64); text-align: justify; white-space: normal; background-color: rgb(255, 255, 255);\">（原标题：3亿美元一架！美军第六代战斗机造价吓住国会）</p><p style=\"margin-top: 32px; margin-bottom: 0px; padding: 0px; font-size: 18px; text-indent: 2em; font-stretch: normal; line-height: 32px; font-family: &quot;Microsoft Yahei&quot;; color: rgb(64, 64, 64); text-align: justify; white-space: normal; background-color: rgb(255, 255, 255);\"><br/></p><p class=\"f_center\" style=\"margin-top: 32px; margin-bottom: 0px; padding: 0px; font-size: 18px; font-stretch: normal; line-height: 32px; font-family: &quot;Microsoft Yahei&quot;; color: rgb(64, 64, 64); text-align: center; white-space: normal; background-color: rgb(255, 255, 255);\"><img src=\"http://cms-bucket.nosdn.127.net/2018/12/17/3d6fb382f83943649b1113e03807f09b.jpeg\"/></p><p style=\"margin-top: 32px; margin-bottom: 0px; padding: 0px; font-size: 18px; text-indent: 2em; font-stretch: normal; line-height: 32px; font-family: &quot;Microsoft Yahei&quot;; color: rgb(64, 64, 64); white-space: normal; background-color: rgb(255, 255, 255); text-align: center;\">美军现役的F-22五代机单架成本在2亿美元左右</p><p style=\"margin-top: 32px; margin-bottom: 0px; padding: 0px; font-size: 18px; text-indent: 2em; font-stretch: normal; line-height: 32px; font-family: &quot;Microsoft Yahei&quot;; color: rgb(64, 64, 64); text-align: justify; white-space: normal; background-color: rgb(255, 255, 255);\">【环球时报报道 特约记者 张亦驰】在俄罗斯与中国研制的第五代隐形战斗机相继问世后，为确保“绝对制空权”，美空军迅速开启了第六代战斗机的预研工作。不过美国《防务新闻》网站15日称，美国政府部门首次对这种未来战斗机的成本进行了评估，结果高得惊人——它的价格将是F-35隐形战斗机的3倍，单价达到3亿美元。如何解决下一代战斗机装备数量、单机性能和经济可承受性之间的矛盾，成为摆在美国空军面前的一大难题。</p><p style=\"margin-top: 32px; margin-bottom: 0px; padding: 0px; font-size: 18px; text-indent: 2em; font-stretch: normal; line-height: 32px; font-family: &quot;Microsoft Yahei&quot;; color: rgb(64, 64, 64); text-align: justify; white-space: normal; background-color: rgb(255, 255, 255);\">报道称，美国国会预算办公室最新研究显示，以2018年币值计算，被美国空军称为“穿透性制空”（PCA）的下一代空中优势战斗机单机成本约为3亿美元。这个价格是F-35A战斗机的3倍以上，如今F-35A的平均采购价格为9400万美元。报道称，这是美国政府部门第一次评估PCA的潜在价格。</p><p style=\"margin-top: 32px; margin-bottom: 0px; padding: 0px; font-size: 18px; text-indent: 2em; font-stretch: normal; line-height: 32px; font-family: &quot;Microsoft Yahei&quot;; color: rgb(64, 64, 64); text-align: justify; white-space: normal; background-color: rgb(255, 255, 255);\">国会预算办公室估计，美空军需要414架PCA战机取代现有的F-15C/D和F-22，进而全面接管制空作战任务。报告认为，新战机最快将在2030年服役，这取决于美空军的渴望程度。但如此高昂的价格吓住了美国会，他们可能将重新考虑空军的装备更新计划。</p><p style=\"margin-top: 32px; margin-bottom: 0px; padding: 0px; font-size: 18px; text-indent: 2em; font-stretch: normal; line-height: 32px; font-family: &quot;Microsoft Yahei&quot;; color: rgb(64, 64, 64); text-align: justify; white-space: normal; background-color: rgb(255, 255, 255);\">报道称，价格昂贵的部分原因为新技术的使用。“与今天的F-22相比，PCA可能具有更大的航程和更多的有效载荷，以及更好的隐形和传感器能力。这些特征将有助于它在高端防空系统威胁下行动，中国、俄罗斯和其他潜在对手未来可能拥有这些先进的防空系统。”此外，美空军从来没有能实现过“低成本生产隐形战机”。B-2轰炸机和F-22战斗机的后续生产计划都被取消，部分原因就是每架飞机的价格很高，这反过来又导致生产成本高昂。F-35早期的研制进度因一系列成本超支而受到影响，即便现在单价也远超原先估算。报告认为，PCA的成本控制可能同样困难。</p><p><br/></p>', 4, 0, '2018-12-23 11:12:19');
INSERT INTO `news` VALUES (6, 15, '中央经济工作会议指出：实施更大规模的减税降费 专家认为极大利好股市', '日前结束的中央经济工作会议指出，中央经济工作会议指出，宏观政策要强化逆周期调节，继续实施积极的财政政策和稳健的货币政策，适时预调微调，稳定总需求；积极的财政政策要加力提效，实施更大规模的减税降费，较大幅度增加地方政府专项债券规模；稳健的货币政策要松紧适度，保持流动性合理充裕，改善货币政策传导机制，提高直接融资比重，解决好民营企业和小微企业融资难融资贵问题。', '减税', '/News/resources/upload/1545534872142.jpg', '猿来入此', '<p style=\"margin-top: 0px; margin-bottom: 0px; padding: 0px 0px 10px; line-height: 30px; color: rgb(51, 51, 51); font-family: arial, &quot;microsoft yahei&quot;, tahoma, sans-serif; white-space: normal;\">长江商报记者邹平<br/></p><p style=\"margin-top: 0px; margin-bottom: 0px; padding: 0px 0px 10px; line-height: 30px; color: rgb(51, 51, 51); font-family: arial, &quot;microsoft yahei&quot;, tahoma, sans-serif; white-space: normal;\">　　中央经济工作会议指出将实施更大规模的减税降费，业内分析认为极大利好股市，A股的长期投资价值逐渐显现。</p><p style=\"margin-top: 0px; margin-bottom: 0px; padding: 0px 0px 10px; line-height: 30px; color: rgb(51, 51, 51); font-family: arial, &quot;microsoft yahei&quot;, tahoma, sans-serif; white-space: normal;\">　　日前结束的中央经济工作会议指出，中央经济工作会议指出，宏观政策要强化逆周期调节，继续实施积极的财政政策和稳健的货币政策，适时预调微调，稳定总需求；积极的财政政策要加力提效，实施更大规模的减税降费，较大幅度增加地方政府专项债券规模；稳健的货币政策要松紧适度，保持流动性合理充裕，改善货币政策传导机制，提高直接融资比重，解决好民营企业和小微企业融资难融资贵问题。</p><p style=\"margin-top: 0px; margin-bottom: 0px; padding: 0px 0px 10px; line-height: 30px; color: rgb(51, 51, 51); font-family: arial, &quot;microsoft yahei&quot;, tahoma, sans-serif; white-space: normal;\">　　前海开源基金董事总经理、首席经济学家杨德龙分析，会议提出要加力提效并实施更大规模的减税降费，让利于民，从而提高企业的利润收入和个人的居民收入，这有利于促进经济增长。减税缴费也是之前包括我在内的很多专家呼吁的一个重要的积极的财政政策，现在中央经济工作会议通过文件正式确认会在2019年实施更大规模的减税降费，这无疑是一个极大的利好，A股市场有望出现修复性上涨的机会。</p><p style=\"margin-top: 0px; margin-bottom: 0px; padding: 0px 0px 10px; line-height: 30px; color: rgb(51, 51, 51); font-family: arial, &quot;microsoft yahei&quot;, tahoma, sans-serif; white-space: normal;\">　　<strong style=\"margin: 0px; padding: 0px;\">&nbsp;A股长期投资价值逐渐显现</strong></p><p style=\"margin-top: 0px; margin-bottom: 0px; padding: 0px 0px 10px; line-height: 30px; color: rgb(51, 51, 51); font-family: arial, &quot;microsoft yahei&quot;, tahoma, sans-serif; white-space: normal;\">　　中信证券分析，在本次会议中，指出要“降低全社会各类营商成本”，降低全社会的成本除了减税降费外，通过降息降准来降低实体经济的融资成本也是一种选择，而且，本次会议指出要加强基建补短板力度，从政策的紧迫性来看，稳基建是最好的选择，而稳基建需要解决政府债务，那么就要求货币宽松加码。</p><p style=\"margin-top: 0px; margin-bottom: 0px; padding: 0px 0px 10px; line-height: 30px; color: rgb(51, 51, 51); font-family: arial, &quot;microsoft yahei&quot;, tahoma, sans-serif; white-space: normal;\">　　中信证券指出，对于风险资产而言，在中央明确提出坚持深化市场化改革的大背景下，监管对资本市场干预权重将有所下降，市场表现将逐步回归至基本面。而当下权益市场的风险已经得到较为充分的释放，伴随着上市公司治理以及信息披露制度的进一步强化，A股的长期投资价值也逐渐显现。</p><p style=\"margin-top: 0px; margin-bottom: 0px; padding: 0px 0px 10px; line-height: 30px; color: rgb(51, 51, 51); font-family: arial, &quot;microsoft yahei&quot;, tahoma, sans-serif; white-space: normal;\">　　中信证券认为，会议提及降低社会成本，后续降准降息依然可期。</p><p style=\"margin-top: 0px; margin-bottom: 0px; padding: 0px 0px 10px; line-height: 30px; color: rgb(51, 51, 51); font-family: arial, &quot;microsoft yahei&quot;, tahoma, sans-serif; white-space: normal;\">　　<strong style=\"margin: 0px; padding: 0px;\">结构性行情和主题性行情将主导明年市场</strong></p><p style=\"margin-top: 0px; margin-bottom: 0px; padding: 0px 0px 10px; line-height: 30px; color: rgb(51, 51, 51); font-family: arial, &quot;microsoft yahei&quot;, tahoma, sans-serif; white-space: normal;\">　　中信证券预计2019年的市场整体提振市场信心为先，从风险偏好修复向盈利企稳过渡，叠加当前估值水平处于历史底部，中短期不必过渡悲观，中长期性价比将逐步显现，此时具有进可攻退可守独特性质的可转债资产在大类资产轮动的关键阶段具有不可忽视的重要性和价值。结构层面，消费升级、产业整合，高新技术等政策支持的相关板块值得关注。</p><p style=\"margin-top: 0px; margin-bottom: 0px; padding: 0px 0px 10px; line-height: 30px; color: rgb(51, 51, 51); font-family: arial, &quot;microsoft yahei&quot;, tahoma, sans-serif; white-space: normal;\">　　<a class=\"singleStock\" target=\"_blank\" href=\"http://stockpage.10jqka.com.cn/601066/\" style=\"margin: 0px; padding: 0px; text-decoration-line: none; color: rgb(64, 140, 215); border-bottom: 1px dashed rgb(153, 153, 153);\">中信建投</a>（<a class=\"art_links\" target=\"_blank\" href=\"http://stockpage.10jqka.com.cn/601066/\" style=\"margin: 0px; padding: 0px; text-decoration-line: none; color: rgb(64, 140, 215);\">601066</a>）首席策略分析师张玉龙认为，结构性行情和主题性行情将主导2019年A股市场。</p><p style=\"margin-top: 0px; margin-bottom: 0px; padding: 0px 0px 10px; line-height: 30px; color: rgb(51, 51, 51); font-family: arial, &quot;microsoft yahei&quot;, tahoma, sans-serif; white-space: normal;\">　　张玉龙分析，从宏观经济总体来看，通过逆周期调节主要是防范经济和金融风险，保证经济平稳运行，能够实现稳就业的目标。从结构政策来看，通过深化改革和竞争政策，实现宏观经济结构的调整。因此，2019年经济政策并不会出现大规模刺激，仍然是平稳回落中促进结构转变。</p><p style=\"margin-top: 0px; margin-bottom: 0px; padding: 0px 0px 10px; line-height: 30px; color: rgb(51, 51, 51); font-family: arial, &quot;microsoft yahei&quot;, tahoma, sans-serif; white-space: normal;\">　　张玉龙认为，在经济回落转型过程中，股票市场并不会出现趋势性的行情，而是结构性的行情。2019年股票市场在当前位置呈现出低位震荡，结构性行情和主题性行情将主导整个市场，仍然维持成长&gt;消费&gt;金融地产&gt;周期的判断，重点推荐5G、人工智能、工业互联网、物联网等主题，看好长三角、粤港澳和京津冀的区域性主题投资机会。</p><p style=\"margin-top: 0px; margin-bottom: 0px; padding: 0px 0px 10px; line-height: 30px; color: rgb(51, 51, 51); font-family: arial, &quot;microsoft yahei&quot;, tahoma, sans-serif; white-space: normal;\">　　新时代证券宏观团队认为：A股经过调整，风险已经逐步释放，估值处于历史低。政府稳增长力度增加，短期内就会提高风险偏好，增加市场信心。积极财政政策也将拉动经济增长，一些企业利润可能改善。</p><p style=\"margin-top: 0px; margin-bottom: 0px; padding: 0px 0px 10px; line-height: 30px; color: rgb(51, 51, 51); font-family: arial, &quot;microsoft yahei&quot;, tahoma, sans-serif; white-space: normal;\">　　从具体板块上看，新时代证券宏观团队认为，和基建相关的板块将会直接受益。另外，中央经济强调了推动制造业高质量发展，要加大制造业技术改造和设备更新，加快5G商用步伐，加强人工智能、工业互联网、物联网等新型基础设施建设，成长板块将会受益。</p><p><br/></p>', 1, 0, '2018-12-23 11:14:36');
INSERT INTO `news` VALUES (7, 16, '四换二全美轰动！雷霆夺冠阵容正式发起冲刺，威少：下一个杜兰特', '新赛季常规赛赛程已经进行到差不多三分之一了，按照目前的排位来看，雷霆队的表现还算令人满意，在经历开局不畅以及威少受伤等等一系列情况之后，雷霆队已经逐渐打响了季后赛主场优势争夺战。雷霆队在休赛期中对于阵容方面做出了不小的变动，管理层放弃了上赛季的夺冠阵容，新赛季由威少和乔治双核带队冲击总冠军。威少仍旧能够打出场均三双数据，而乔治基本上恢复了断腿之前的巅峰状态。', 'NBA', '/News/resources/upload/1545540045917.jpeg', '猿来入此', '<p style=\"border: 0px; margin-top: 0.63em; margin-bottom: 1.8em; padding: 0px; counter-reset: list-1 0 list-2 0 list-3 0 list-4 0 list-5 0 list-6 0 list-7 0 list-8 0 list-9 0; color: rgb(25, 25, 25); font-family: &quot;PingFang SC&quot;, Arial, 微软雅黑, 宋体, simsun, sans-serif; white-space: normal; background-color: rgb(255, 255, 255);\">新赛季常规赛赛程已经进行到差多三分之一了，按照目前的排位来看，雷霆队的表现还算令人满意，在经历开局不畅以及威少受伤等等一系列情况之后，雷霆队已经逐渐打响了季后赛主场优势争夺战。雷霆队在休赛期中对于阵容方面做出了不小的变动，管理层放弃了上赛季的夺冠阵容，新赛季由威少和乔治双核带队冲击总冠军。威少仍旧能够打出场均三双数据，而乔治基本上恢复了断腿之前的巅峰状态。</p><p style=\"border: 0px; margin-top: 0.63em; margin-bottom: 1.8em; padding: 0px; counter-reset: list-1 0 list-2 0 list-3 0 list-4 0 list-5 0 list-6 0 list-7 0 list-8 0 list-9 0; color: rgb(25, 25, 25); font-family: &quot;PingFang SC&quot;, Arial, 微软雅黑, 宋体, simsun, sans-serif; white-space: normal; background-color: rgb(255, 255, 255);\"><img src=\"/News/resources/upload/image/20181223/1545540022744034673.jpg\"/></p><p style=\"border: 0px; margin-top: 0.63em; margin-bottom: 1.8em; padding: 0px; counter-reset: list-1 0 list-2 0 list-3 0 list-4 0 list-5 0 list-6 0 list-7 0 list-8 0 list-9 0; color: rgb(25, 25, 25); font-family: &quot;PingFang SC&quot;, Arial, 微软雅黑, 宋体, simsun, sans-serif; white-space: normal; background-color: rgb(255, 255, 255);\">不过在勇士队组建五巨头阵容时，雷霆队这样的阵容就不占据太多的优势了，这就需要雷霆管理层再次进行阵容补强。据雷霆队随队记者报道，雷霆管理层已经正式向奇才管理层提出交易申请，希望能够用帕特森、格兰特和首轮签换来奇才队后卫比尔。奇才管理层也有想要交易的想法，不过稍微修改了一下交易方案，雷霆队想要得到比尔，那么就必须同时收下霍华德的合同，雷霆队还需要多提供一个首轮签。</p><p style=\"border: 0px; margin-top: 0.63em; margin-bottom: 1.8em; padding: 0px; counter-reset: list-1 0 list-2 0 list-3 0 list-4 0 list-5 0 list-6 0 list-7 0 list-8 0 list-9 0; color: rgb(25, 25, 25); font-family: &quot;PingFang SC&quot;, Arial, 微软雅黑, 宋体, simsun, sans-serif; white-space: normal; background-color: rgb(255, 255, 255);\"><img src=\"/News/resources/upload/image/20181223/1545540022927019242.jpg\"/></p><p style=\"border: 0px; margin-top: 0.63em; margin-bottom: 1.8em; padding: 0px; counter-reset: list-1 0 list-2 0 list-3 0 list-4 0 list-5 0 list-6 0 list-7 0 list-8 0 list-9 0; color: rgb(25, 25, 25); font-family: &quot;PingFang SC&quot;, Arial, 微软雅黑, 宋体, simsun, sans-serif; white-space: normal; background-color: rgb(255, 255, 255);\">雷霆管理层考虑到霍华德的伤病情况，所以并不愿意同时吃下霍华德的合同，再加上雷霆队不希望交出高额奢侈税，所以目前双方还没有具体定论。不过雷霆管理层对于比尔展现出势在必得的信心，毕竟威少在关键时刻的表现还是不太稳定，而比尔在关键时刻的得分能力和稳定的三分球能力，可以弥补威少在三分球上的短板。如果比尔能够来到雷霆队，那么雷霆队将会组建一支全新的夺冠阵容，威少、比尔和乔治的新三巨头将会是雷霆队赢下总冠军的最大保障。</p><p style=\"border: 0px; margin-top: 0.63em; margin-bottom: 1.8em; padding: 0px; counter-reset: list-1 0 list-2 0 list-3 0 list-4 0 list-5 0 list-6 0 list-7 0 list-8 0 list-9 0; color: rgb(25, 25, 25); font-family: &quot;PingFang SC&quot;, Arial, 微软雅黑, 宋体, simsun, sans-serif; white-space: normal; background-color: rgb(255, 255, 255);\"><img src=\"/News/resources/upload/image/20181223/1545540022964086892.jpg\"/></p><p style=\"border: 0px; margin-top: 0.63em; margin-bottom: 1.8em; padding: 0px; counter-reset: list-1 0 list-2 0 list-3 0 list-4 0 list-5 0 list-6 0 list-7 0 list-8 0 list-9 0; color: rgb(25, 25, 25); font-family: &quot;PingFang SC&quot;, Arial, 微软雅黑, 宋体, simsun, sans-serif; white-space: normal; background-color: rgb(255, 255, 255);\">在这笔方案形成之前，前雷霆队悍将杜兰特将会在明夏成为自由球员，而勇士队很难提供杜兰特一份高薪，所以杜兰特有可能会重返雷霆队。不过威少认为雷霆队已经不需要杜兰特了，比尔在进攻端中出色的得分能力将会成为下一个杜兰特。那么，您觉得杜兰特重回雷霆队希望大一些，还是比尔来到雷霆队可能性多一点呢？</p><p style=\"border: 0px; margin-top: 0.63em; margin-bottom: 1.8em; padding: 0px; counter-reset: list-1 0 list-2 0 list-3 0 list-4 0 list-5 0 list-6 0 list-7 0 list-8 0 list-9 0; color: rgb(25, 25, 25); font-family: &quot;PingFang SC&quot;, Arial, 微软雅黑, 宋体, simsun, sans-serif; white-space: normal; background-color: rgb(255, 255, 255);\"><img src=\"/News/resources/upload/image/20181223/1545540023018016733.jpg\"/></p>', 5, 1, '2018-12-23 12:40:51');
INSERT INTO `news` VALUES (8, 17, '杨幂与刘恺威7年情史曝光 曾称家庭不应成为束缚', '据台湾媒体《东森新闻》12月22日报道，杨幂22日宣布和刘恺威离婚。她2011年和刘恺威合作《如意》假戏真做，之后愈爱愈大方，2014年在巴厘岛举办婚礼，同年产下女儿小糯米，她身份是人妻也是一个孩子的妈，但在演艺事业表现不减，曾透露自己变成职业妇女的观念：“家庭不应该成为你的束缚。”', '杨幂,刘恺威', '/News/resources/upload/1545540107934.jpg', '猿来入此', '<p class=\"detailPic\" style=\"margin: 0px auto; padding: 0px; text-indent: 28px; line-height: 32px; text-align: center; word-wrap: break-word; word-break: normal; color: rgb(43, 43, 43); font-family: &quot;Microsoft Yahei&quot;; white-space: normal; background-color: rgb(255, 255, 255);\"><img src=\"/News/resources/upload/image/20181223/1545540135043040335.jpg\" alt=\"\"/></p><p class=\"picIntro\" style=\"margin-top: 0px; margin-bottom: 32px; padding: 0px; font-size: 14px; line-height: 32px; text-align: center; word-wrap: break-word; word-break: normal; font-family: 楷体_gb2312, 楷体; color: rgb(43, 43, 43); white-space: normal; background-color: rgb(255, 255, 255);\">刘恺威、杨幂</p><p style=\"margin-top: 0px; margin-bottom: 32px; padding: 0px; text-indent: 28px; line-height: 32px; text-align: justify; word-wrap: break-word; word-break: normal; color: rgb(43, 43, 43); font-family: &quot;Microsoft Yahei&quot;; white-space: normal; background-color: rgb(255, 255, 255);\">据台湾媒体《东森新闻》12月22日报道，杨幂22日宣布和刘恺威离婚。她2011年和刘恺威合作《如意》假戏真做，之后愈爱愈大方，2014年在巴厘岛举办婚礼，同年产下女儿小糯米，她身份是人妻也是一个孩子的妈，但在演艺事业表现不减，曾透露自己变成职业妇女的观念：“家庭不应该成为你的束缚。”</p><p style=\"margin-top: 0px; margin-bottom: 32px; padding: 0px; text-indent: 28px; line-height: 32px; text-align: justify; word-wrap: break-word; word-break: normal; color: rgb(43, 43, 43); font-family: &quot;Microsoft Yahei&quot;; white-space: normal; background-color: rgb(255, 255, 255);\">杨幂2011年以穿越剧《宫》大红，2014年和刘恺威甜蜜完婚，婚后在演艺事业上更亮眼，近几年主演《三生三世十里桃花》、《扶摇》，更成为流量女王，几乎是收视率保证。她本身自立工作室，是嘉行传媒老板，旗下拥有迪丽热巴、张彬彬等艺人，十分有生意头脑。</p><p style=\"margin-top: 0px; margin-bottom: 32px; padding: 0px; text-indent: 28px; line-height: 32px; text-align: justify; word-wrap: break-word; word-break: normal; color: rgb(43, 43, 43); font-family: &quot;Microsoft Yahei&quot;; white-space: normal; background-color: rgb(255, 255, 255);\">为人妻、为人母身份，不影响杨幂在工作上表现，上节目时曾被主持人询问：“有些女星生孩子后，拍戏动力就不足了。”杨幂笑回应：“大家可能觉得我一直非常忙，其实不是的，我让你们看到我在工作是动力满满，但是我回家的时候，我不会发微博，我回家了，今天陪孩子，可能我不会让你们完全看到，但是我是有很多时间都在家里的。”</p><p style=\"margin-top: 0px; margin-bottom: 32px; padding: 0px; text-indent: 28px; line-height: 32px; text-align: justify; word-wrap: break-word; word-break: normal; color: rgb(43, 43, 43); font-family: &quot;Microsoft Yahei&quot;; white-space: normal; background-color: rgb(255, 255, 255);\">“我一直是觉得这样，家庭不应该是成为你的束缚，它可以给你归属感，应该是给你动力，让你做更好的自己。”杨幂一番话说出职业妇女的心声。她虽然事业忙，但一有时间陪女儿，为了参加女儿2岁生日，坐飞机快闪香港8小时；2017年过年时初二飞香港，陪女儿玩具区挑礼物，但3天后因为工作返回大陆拍戏，当空中飞人十分忙碌。</p><p style=\"margin-top: 0px; margin-bottom: 32px; padding: 0px; text-indent: 28px; line-height: 32px; text-align: justify; word-wrap: break-word; word-break: normal; color: rgb(43, 43, 43); font-family: &quot;Microsoft Yahei&quot;; white-space: normal; background-color: rgb(255, 255, 255);\">但也因为工作忙碌，杨幂和刘恺威结婚5年，一直不断传出婚变，今年10月刘恺威生日她没有发文祝福，就引起网友猜测，21日网友爆料杨幂和刘恺威即将官宣离婚，22日经纪公司证实两人已经离婚。</p><p style=\"margin-top: 0px; margin-bottom: 32px; padding: 0px; text-indent: 28px; line-height: 32px; text-align: justify; word-wrap: break-word; word-break: normal; color: rgb(43, 43, 43); font-family: &quot;Microsoft Yahei&quot;; white-space: normal; background-color: rgb(255, 255, 255);\"><strong>杨幂刘恺威情缠7年</strong></p><p style=\"margin-top: 0px; margin-bottom: 32px; padding: 0px; text-indent: 28px; line-height: 32px; text-align: justify; word-wrap: break-word; word-break: normal; color: rgb(43, 43, 43); font-family: &quot;Microsoft Yahei&quot;; white-space: normal; background-color: rgb(255, 255, 255);\">2011年5月：两人在《如意》饰演情侣并日久生情。</p><p style=\"margin-top: 0px; margin-bottom: 32px; padding: 0px; text-indent: 28px; line-height: 32px; text-align: justify; word-wrap: break-word; word-break: normal; color: rgb(43, 43, 43); font-family: &quot;Microsoft Yahei&quot;; white-space: normal; background-color: rgb(255, 255, 255);\">2012年1月：两人被拍到一起出入北京某公寓。刘恺威连发两条微博公布恋情，杨幂也甜蜜回应。</p><p style=\"margin-top: 0px; margin-bottom: 32px; padding: 0px; text-indent: 28px; line-height: 32px; text-align: justify; word-wrap: break-word; word-break: normal; color: rgb(43, 43, 43); font-family: &quot;Microsoft Yahei&quot;; white-space: normal; background-color: rgb(255, 255, 255);\">2013年11月13日：两人晒出婚戒照，并宣布婚期。</p><p style=\"margin-top: 0px; margin-bottom: 32px; padding: 0px; text-indent: 28px; line-height: 32px; text-align: justify; word-wrap: break-word; word-break: normal; color: rgb(43, 43, 43); font-family: &quot;Microsoft Yahei&quot;; white-space: normal; background-color: rgb(255, 255, 255);\">2014年1月8日：公开恋情两周年纪念日，两人在巴厘岛举办婚礼。</p><p style=\"margin-top: 0px; margin-bottom: 32px; padding: 0px; text-indent: 28px; line-height: 32px; text-align: justify; word-wrap: break-word; word-break: normal; color: rgb(43, 43, 43); font-family: &quot;Microsoft Yahei&quot;; white-space: normal; background-color: rgb(255, 255, 255);\">2014年6月1日：杨幂在香港产下女儿小糯米，刘恺威亲手剪脐带。</p>', 1, 0, '2018-12-23 12:42:21');
INSERT INTO `news` VALUES (9, 17, '章子怡晒俩女儿一年成长照 醒醒玩妈妈影后奖杯', '12月22日，章子怡[微博]发微博就自己在昨日澳门国际电影节中凭借《无问西东》中王敏佳这个角色再次获得最佳女主角：“去年的12.21和今年的12.21，《无问西东》的王敏佳收获了相同的荣誉和鼓励。”同时章子怡还晒了自己获奖的礼服照，在奢华的阳台，章子怡梳着漂亮的披肩长发，一件黑色礼服裙，看起来高贵大方，一脸灿烂的笑容，望着自己获得的奖杯，非常开心。', '章子怡', '/News/resources/upload/1545540199679.jpeg', '猿来入此', '<p style=\"margin-top: 0px; margin-bottom: 32px; padding: 0px; text-indent: 28px; line-height: 32px; text-align: justify; word-wrap: break-word; word-break: normal; color: rgb(43, 43, 43); font-family: &quot;Microsoft Yahei&quot;; white-space: normal; background-color: rgb(255, 255, 255);\"><img src=\"/News/resources/upload/image/20181223/1545540219309057107.jpg\" alt=\"\"/></p><p style=\"margin-top: 0px; margin-bottom: 32px; padding: 0px; text-indent: 28px; line-height: 32px; text-align: justify; word-wrap: break-word; word-break: normal; color: rgb(43, 43, 43); font-family: &quot;Microsoft Yahei&quot;; white-space: normal; background-color: rgb(255, 255, 255);\">章子怡和两个女儿</p><p style=\"margin-top: 0px; margin-bottom: 32px; padding: 0px; text-indent: 28px; line-height: 32px; text-align: justify; word-wrap: break-word; word-break: normal; color: rgb(43, 43, 43); font-family: &quot;Microsoft Yahei&quot;; white-space: normal; background-color: rgb(255, 255, 255);\"><img src=\"/News/resources/upload/image/20181223/1545540219372092543.jpg\" alt=\"\"/></p><p style=\"margin-top: 0px; margin-bottom: 32px; padding: 0px; text-indent: 28px; line-height: 32px; text-align: justify; word-wrap: break-word; word-break: normal; color: rgb(43, 43, 43); font-family: &quot;Microsoft Yahei&quot;; white-space: normal; background-color: rgb(255, 255, 255);\">一年前母女三人照片</p><p><span style=\"color: rgb(43, 43, 43); font-family: &quot;Microsoft Yahei&quot;; text-align: justify; text-indent: 28px; background-color: rgb(255, 255, 255);\">　　章子怡还在微博里分享了自己和两个女儿的合影，她感叹道：“一年光景孩子们都明显长大了许多…陪伴着她们一天天长大，才慢慢发现自己在彻头彻尾地成长，改变…真好！谢谢所有的爱当然，也有你的！”其中对孩子的爱溢于言表，合影中三个人相互依偎穿着睡衣着躺在床上，妈妈章子怡举着一本图画书，而姐姐小苹果在教妹妹醒醒人字，光线温暖，三个人都看起来十分幸福。除此之外，章子怡还贴心放上了去年和两个女儿的合影，感叹时光荏苒，自己也在和孩子们一起成长，是一个有实力，温暖的好妈妈了。</span><br/><br/><span style=\"color: rgb(43, 43, 43); font-family: &quot;Microsoft Yahei&quot;; text-align: justify; text-indent: 28px; background-color: rgb(255, 255, 255);\">　　2015年5月10日，章子怡与汪峰[微博]注册结婚；11月，章子怡在美国洛杉矶待产；12月27日，章子怡在美国产下一女，取名醒醒，章子怡对于汪峰和前妻生的女儿小苹果也是疼爱有加，看来两个女儿和妈妈的关系都非常好呀。</span><br/><br/><span style=\"color: rgb(43, 43, 43); font-family: &quot;Microsoft Yahei&quot;; text-align: justify; text-indent: 28px; background-color: rgb(255, 255, 255);\">　　网友们看到后纷纷恭喜女神：“恭喜姐姐凭借电影《无问西东》中坚韧勇敢的王敏佳一角获得第十届澳门国际电影节最佳女主角的奖项！姐姐去年也获得了这个奖项，恭喜蝉联影后！未来的路，我们一起爱我所爱，行我所行，听从我心，无问西东。。。</span></p>', 0, 0, '2018-12-23 12:43:58');
INSERT INTO `news` VALUES (10, 17, '64岁李雪健和老婆罕见近照 相爱35年老婆越来越美', '最近，老戏骨李雪健和老婆的恩爱照被扒出，已经64岁的李雪健和于海丹非常相爱，35年相扶相持，不离不弃。', '李雪健', '/News/resources/upload/1545540305810.png', '猿来入此', '<p style=\"margin-top: 0px; margin-bottom: 0px; padding: 0px 38px; text-size-adjust: 100%; font-size: 16px; color: rgb(77, 79, 83); letter-spacing: 1px; line-height: 28px;\">最近，老戏骨李雪健和老婆的恩爱照被扒出，已经64岁的李雪健和于海丹非常相爱，35年相扶相持，不离不弃。</p><p><span class=\"icon quotation-left\" style=\"background-image: -webkit-image-set(url(&quot;//n.sinaimg.cn/finance/page/ent/images/0908_zyc_icons.png&quot;) 1x, url(&quot;//n.sinaimg.cn/finance/page/ent/images/0908_zyc_icons2x.png&quot;) 2x); background-repeat: no-repeat; width: 28px; height: 24px; background-position: -268px -100px; position: absolute; top: 0px; left: 0px;\"></span></p><p><img src=\"/News/resources/upload/image/20181223/1545540297016057100.png\" alt=\"\"/><span class=\"img_descr\" style=\"line-height: 20px; padding: 6px 0px; font-size: 16px; margin: 5px auto; display: inline-block; zoom: 1; text-align: left; font-weight: bold;\"></span></p><p style=\"margin-top: 0px; margin-bottom: 30px; padding: 0px; text-size-adjust: 100%;\">　　来源：猫眼电影</p><p style=\"margin-top: 0px; margin-bottom: 30px; padding: 0px; text-size-adjust: 100%;\">　　最近，老戏骨李雪健和老婆的恩爱照被扒出，已经64岁的李雪健和于海丹非常相爱，35年相扶相持，不离不弃。</p><p><img src=\"/News/resources/upload/image/20181223/1545540297162052518.png\" alt=\"\"/><span class=\"img_descr\" style=\"line-height: 20px; padding: 6px 0px; font-size: 16px; margin: 5px auto; display: inline-block; zoom: 1; text-align: left; font-weight: bold;\"></span></p><p style=\"margin-top: 0px; margin-bottom: 30px; padding: 0px; text-size-adjust: 100%;\">　　于海丹之前也是一名演员，1982年两人合作了电视剧，当时于海丹是女主角，李雪健还没红，之后两人便有了未来的故事。</p><p><img src=\"/News/resources/upload/image/20181223/1545540297243035562.png\" alt=\"\"/><span class=\"img_descr\" style=\"line-height: 20px; padding: 6px 0px; font-size: 16px; margin: 5px auto; display: inline-block; zoom: 1; text-align: left; font-weight: bold;\"></span></p><p style=\"margin-top: 0px; margin-bottom: 30px; padding: 0px; text-size-adjust: 100%;\">　　1983年就结婚了，婚后两年就有了儿子，然后于海丹就退出了娱乐圈，在家里相夫教子，几乎没有再出现在镜头面前，老公演出她就去帮忙，到现场捧场，两人还是经常讨论演技。</p><p><img src=\"/News/resources/upload/image/20181223/1545540297319069240.png\" alt=\"\"/><span class=\"img_descr\" style=\"line-height: 20px; padding: 6px 0px; font-size: 16px; margin: 5px auto; display: inline-block; zoom: 1; text-align: left; font-weight: bold;\"></span></p><p style=\"margin-top: 0px; margin-bottom: 30px; padding: 0px; text-size-adjust: 100%;\">　　2000年，李雪健因为患上了鼻咽癌，连他自己都没发现，于海丹觉得不对劲，带他去医院看病，才检查出来。</p><p><img src=\"/News/resources/upload/image/20181223/1545540297388053009.png\" alt=\"\"/><span class=\"img_descr\" style=\"line-height: 20px; padding: 6px 0px; font-size: 16px; margin: 5px auto; display: inline-block; zoom: 1; text-align: left; font-weight: bold;\"></span></p><p style=\"margin-top: 0px; margin-bottom: 30px; padding: 0px; text-size-adjust: 100%;\">　　于海丹为李雪健的病来回的飞，一直在研究各种方案，还陪着老公一边拍戏一边治病，2003年李雪健的病算是恢复了。于海丹也因此瘦了不少。</p><p><img src=\"/News/resources/upload/image/20181223/1545540297458037462.png\" alt=\"\"/><span class=\"img_descr\" style=\"line-height: 20px; padding: 6px 0px; font-size: 16px; margin: 5px auto; display: inline-block; zoom: 1; text-align: left; font-weight: bold;\"></span></p><p style=\"margin-top: 0px; margin-bottom: 30px; padding: 0px; text-size-adjust: 100%;\">　　李雪健现在的耳朵总是听不清，拍戏都需要戴助听器，只不过他追求逼真不愿意戴，两个人在一起35年 ，于海丹为了照顾老公瘦了不少，但是依旧很有气质。</p><p><br/></p>', 2, 0, '2018-12-23 12:45:10');
INSERT INTO `news` VALUES (11, 17, '冯绍峰赵丽颖又双叒叕被偶遇了！女方衣着宽松小腹隆起孕味十足', '赵丽颖与冯绍峰，我们都不好意思用“偶遇”这个词儿了，“绯闻二人组”其实大家都已经见怪不怪了，可是奈何这两人被拍到多次“在一起”，就是咬牙不松口说他们彼此“在一起”，这也颇让人为难的很。', '赵丽颖,冯绍峰', '/News/resources/upload/1545540424773.jpg', '猿来入此', '<p style=\"margin-top: 0px; margin-bottom: 0px; padding: 0px; line-height: 24px; color: rgb(51, 51, 51); text-align: justify; font-family: arial; white-space: normal; background-color: rgb(255, 255, 255);\"><span class=\"bjh-p\">赵丽颖与冯绍峰，我们都不好意思用“偶遇”这个词儿了，“绯闻二人组”其实大家都已经见怪不怪了，可是奈何这两人被拍到多次“在一起”，就是咬牙不松口说他们彼此“在一起”，这也颇让人为难的很。</span></p><p><img class=\"large\" src=\"http://t12.baidu.com/it/u=755513468,3803592794&fm=173&app=25&f=JPEG?w=640&h=889&s=2EE8DC03E4EC5AAD69593D7103009032\"/></p><p style=\"margin-top: 26px; margin-bottom: 0px; padding: 0px; line-height: 24px; color: rgb(51, 51, 51); text-align: justify; font-family: arial; white-space: normal; background-color: rgb(255, 255, 255);\"><span class=\"bjh-p\">近日，有网友在上海某餐厅偶遇赵丽颖与冯绍峰一起会友，算来这是第五次被偶遇“在一起”了吧？而在9月8日，赵丽颖确实现身上海，出席代言品牌为她举行的粉丝见面会。</span></p><p><img class=\"large\" src=\"http://t11.baidu.com/it/u=1045018891,3490776334&fm=173&app=25&f=JPEG?w=639&h=377&s=C2A029E5669731D80824C5370300B052\"/></p><p style=\"margin-top: 26px; margin-bottom: 0px; padding: 0px; line-height: 24px; color: rgb(51, 51, 51); text-align: justify; font-family: arial; white-space: normal; background-color: rgb(255, 255, 255);\"><span class=\"bjh-p\">在此期间，冯绍峰还走出去吸烟，上楼梯时边走边看手机、两人带着情侣帽并肩坐在一起，和朋友有说有笑的聊天。</span></p><p><img class=\"normal\" width=\"449px\" src=\"http://t10.baidu.com/it/u=3126044580,3014474835&fm=173&app=25&f=JPEG?w=449&h=520&s=66202DE2D10436FA0AC9B1080300D0C2\"/></p><p style=\"margin-top: 26px; margin-bottom: 0px; padding: 0px; line-height: 24px; color: rgb(51, 51, 51); text-align: justify; font-family: arial; white-space: normal; background-color: rgb(255, 255, 255);\"><span class=\"bjh-p\">随后赵丽颖走出餐厅，可以看见赵丽颖身穿白色外套，里面穿一身素雅的连衣裙，戴着白色口罩。重点是肚子是不是太明显了，看着像是有三四个月了。看来传出怀孕不是空穴来风啊。</span></p><p><img class=\"large\" src=\"http://t12.baidu.com/it/u=2165786669,4234783172&fm=173&app=25&f=JPEG?w=609&h=675&s=A723DF4FC00B36FC86591C3F03001042\"/></p><p style=\"margin-top: 26px; margin-bottom: 0px; padding: 0px; line-height: 24px; color: rgb(51, 51, 51); text-align: justify; font-family: arial; white-space: normal; background-color: rgb(255, 255, 255);\"><span class=\"bjh-p\">就在昨天还有人在商场偶遇赵丽颖，穿着一件毛衣，手还捂着肚子，但是跟在赵丽颖身边的那位男子身穿半袖，与赵丽颖形成了最明显的对比，那时人人都以为赵丽颖怀孕了。工作人员却说赵丽颖是因为身体原因所以穿的比较厚，用暖水袋捂着肚子是因为体寒。</span></p><p><img class=\"large\" src=\"http://t10.baidu.com/it/u=736365717,1562998839&fm=173&app=25&f=JPEG?w=640&h=452&s=21206BB102A250BE1AADF8D503001052\"/></p><p style=\"margin-top: 26px; margin-bottom: 0px; padding: 0px; line-height: 24px; color: rgb(51, 51, 51); text-align: justify; font-family: arial; white-space: normal; background-color: rgb(255, 255, 255);\"><span class=\"bjh-p\">娱乐圈向来有怀孕未满三个月不公开的说法，这是为将来报喜预留余地。再加上赵丽颖广告合约在身，不想公开恋爱甚至怀孕的消息，也很正常。</span></p><p style=\"margin-top: 22px; margin-bottom: 0px; padding: 0px; line-height: 24px; color: rgb(51, 51, 51); text-align: justify; font-family: arial; white-space: normal; background-color: rgb(255, 255, 255);\"><span class=\"bjh-p\">对此，有媒体向赵丽颖工作人员求证，对方再三表示：“没有这回事！”</span></p><p><img class=\"large\" src=\"http://t11.baidu.com/it/u=4114931692,4097027483&fm=173&app=25&f=JPEG?w=600&h=315&s=09ADED1759E8CF1BBED5BCCA0300E070\"/></p><p style=\"margin-top: 26px; margin-bottom: 0px; padding: 0px; line-height: 24px; color: rgb(51, 51, 51); text-align: justify; font-family: arial; white-space: normal; background-color: rgb(255, 255, 255);\"><span class=\"bjh-p\">赵丽颖这么多年来，凭借自己的努力一步一步往上爬，从未放弃过。越来越多的人喜爱她，不仅仅是因为她的长相甜美，还因为她勇敢坚强，刻苦勤奋，没有哪个人能随随便便成功的，赵丽颖用了10年才换来如今的成就。希望她幸福，你觉得呢？</span></p><p><br/></p>', 3, 1, '2018-12-23 12:47:10');
INSERT INTO `news` VALUES (12, 10, '印尼海啸伤亡人数攀升，已致43人死亡584人受伤', '海外网12日23日消息，据今日俄罗斯消息，印尼抗灾署称，昨晚（22日）的海啸袭击已经造成43人死亡，584人受伤，数百间房屋受损。', '印尼海啸', '/News/resources/upload/1545540517752.jpg', '猿来入此', '<p><img src=\"/News/resources/upload/image/20181223/1545540495016057925.jpg\" width=\"600\" height=\"395\" alt=\"\"/></p><p><span style=\"font-family: &quot;Hiragino Sans GB&quot;, &quot;Microsoft Yahei&quot;, sans-serif; letter-spacing: 0.5px; background-color: rgb(255, 255, 255); color: rgb(128, 128, 128);\">12月22日，印尼万丹，被疏散的灾民。视觉中国 图</span><br/><span style=\"color: rgb(51, 51, 51); font-family: &quot;Hiragino Sans GB&quot;, &quot;Microsoft Yahei&quot;, sans-serif; letter-spacing: 0.5px; background-color: rgb(255, 255, 255);\">海外网12日23日消息，据今日俄罗斯消息，印尼抗灾署称，昨晚（22日）的海啸袭击已经造成43人死亡，584人受伤，数百间房屋受损。</span><br/><span style=\"color: rgb(51, 51, 51); font-family: &quot;Hiragino Sans GB&quot;, &quot;Microsoft Yahei&quot;, sans-serif; letter-spacing: 0.5px; background-color: rgb(255, 255, 255);\">印度尼西亚国家抗灾署此前发布消息证实，印尼巽他海峡附近的万丹省当地时间22号晚遭海啸袭击。抗灾署称，这次灾难可能是火山活动的结果。</span></p><p><br/></p>', 1, 0, '2018-12-23 12:48:42');
INSERT INTO `news` VALUES (13, 17, '黄晓明夫妇一起作假, 和苏有朋登台被拆穿, 这下脸红了', '大家都知道作为娱乐圈中的男明星，总是要有一样优势的，而很多男明星更看重的就是身高了，毕竟又高又帅才是他们想要的，最近网上就传出了一个非常尴尬的事情，那就是黄晓明遇到了苏有朋。', '黄晓明,苏有朋', '/News/resources/upload/1545572813382.jpeg', '猿来入此', '<p style=\"margin-top: 0px; margin-bottom: 32px; padding: 0px; text-indent: 28px; line-height: 32px; text-align: justify; word-wrap: break-word; word-break: normal; color: rgb(43, 43, 43); font-family: &quot;Microsoft Yahei&quot;; white-space: normal; background-color: rgb(255, 255, 255);\">大家都知道作为娱乐圈中的男明星，总是要有一样优势的，而很多男明星更看重的就是身高了，毕竟又高又帅才是他们想要的，最近网上就传出了一个非常尴尬的事情，那就是黄晓明遇到了苏有朋。</p><p style=\"margin-top: 0px; margin-bottom: 32px; padding: 0px; text-indent: 28px; line-height: 32px; text-align: justify; word-wrap: break-word; word-break: normal; color: rgb(43, 43, 43); font-family: &quot;Microsoft Yahei&quot;; white-space: normal; background-color: rgb(255, 255, 255);\"><img src=\"/News/resources/upload/image/20181223/1545572799352099117.jpg\"/></p><p style=\"margin-top: 0px; margin-bottom: 32px; padding: 0px; text-indent: 28px; line-height: 32px; text-align: justify; word-wrap: break-word; word-break: normal; color: rgb(43, 43, 43); font-family: &quot;Microsoft Yahei&quot;; white-space: normal; background-color: rgb(255, 255, 255);\">黄晓明一直都是娱乐圈中非常有名气的一个男明星，而去百度首页搜索他的个人资料的时候，我们也会发现黄晓明的官方身高是179cm，不过在舞台上的时候网友们却质疑了起来。</p><p style=\"margin-top: 0px; margin-bottom: 32px; padding: 0px; text-indent: 28px; line-height: 32px; text-align: justify; word-wrap: break-word; word-break: normal; color: rgb(43, 43, 43); font-family: &quot;Microsoft Yahei&quot;; white-space: normal; background-color: rgb(255, 255, 255);\"><img src=\"/News/resources/upload/image/20181223/1545572799447012282.jpg\"/></p><p style=\"margin-top: 0px; margin-bottom: 32px; padding: 0px; text-indent: 28px; line-height: 32px; text-align: justify; word-wrap: break-word; word-break: normal; color: rgb(43, 43, 43); font-family: &quot;Microsoft Yahei&quot;; white-space: normal; background-color: rgb(255, 255, 255);\">那就黄晓明在舞台上偶遇到了苏有朋，没想到两个人站在一起的身高是一般高的，大家对于所有盘肯定也是非常熟悉，曾经《还珠格格》中的五阿哥，给我们的印象还是很深的。</p><p style=\"margin-top: 0px; margin-bottom: 32px; padding: 0px; text-indent: 28px; line-height: 32px; text-align: justify; word-wrap: break-word; word-break: normal; color: rgb(43, 43, 43); font-family: &quot;Microsoft Yahei&quot;; white-space: normal; background-color: rgb(255, 255, 255);\"><img src=\"/News/resources/upload/image/20181223/1545572799514090681.jpg\"/></p><p style=\"margin-top: 0px; margin-bottom: 32px; padding: 0px; text-indent: 28px; line-height: 32px; text-align: justify; word-wrap: break-word; word-break: normal; color: rgb(43, 43, 43); font-family: &quot;Microsoft Yahei&quot;; white-space: normal; background-color: rgb(255, 255, 255);\">而我们从电视机面前在猜测苏有朋的身高也就有一米七出头，而黄晓明明明身高是一米七九，两个人站在舞台上怎么一般高了呢？这个问题也是瞬间就让黄晓明脸红了呀！</p><p style=\"margin-top: 0px; margin-bottom: 32px; padding: 0px; text-indent: 28px; line-height: 32px; text-align: justify; word-wrap: break-word; word-break: normal; color: rgb(43, 43, 43); font-family: &quot;Microsoft Yahei&quot;; white-space: normal; background-color: rgb(255, 255, 255);\"><img src=\"/News/resources/upload/image/20181223/1545572799554098816.jpg\"/></p><p style=\"margin-top: 0px; margin-bottom: 32px; padding: 0px; text-indent: 28px; line-height: 32px; text-align: justify; word-wrap: break-word; word-break: normal; color: rgb(43, 43, 43); font-family: &quot;Microsoft Yahei&quot;; white-space: normal; background-color: rgb(255, 255, 255);\">你们是不是也觉得这样的事情很尴尬！其实女明星之间也有过这样的事情，杨颖在我们心目中的形象一直都是非常好的，大大的眼镜，并且身材也是非常完美的。</p><p style=\"margin-top: 0px; margin-bottom: 32px; padding: 0px; text-indent: 28px; line-height: 32px; text-align: justify; word-wrap: break-word; word-break: normal; color: rgb(43, 43, 43); font-family: &quot;Microsoft Yahei&quot;; white-space: normal; background-color: rgb(255, 255, 255);\"><img src=\"/News/resources/upload/image/20181223/1545572799603091491.jpg\"/></p><p style=\"margin-top: 0px; margin-bottom: 32px; padding: 0px; text-indent: 28px; line-height: 32px; text-align: justify; word-wrap: break-word; word-break: normal; color: rgb(43, 43, 43); font-family: &quot;Microsoft Yahei&quot;; white-space: normal; background-color: rgb(255, 255, 255);\">最重要的就是杨颖拥有一双我们都非常羡慕的大长腿，不过她的身高在官方也是爆料是168，这个数字也经常收到网友们的热议，而和一位女明星站在一起的时候，也是证实了这个问题。</p><p style=\"margin-top: 0px; margin-bottom: 32px; padding: 0px; text-indent: 28px; line-height: 32px; text-align: justify; word-wrap: break-word; word-break: normal; color: rgb(43, 43, 43); font-family: &quot;Microsoft Yahei&quot;; white-space: normal; background-color: rgb(255, 255, 255);\"><img src=\"/News/resources/upload/image/20181223/1545572799643068173.jpg\"/></p><p style=\"margin-top: 0px; margin-bottom: 32px; padding: 0px; text-indent: 28px; line-height: 32px; text-align: justify; word-wrap: break-word; word-break: normal; color: rgb(43, 43, 43); font-family: &quot;Microsoft Yahei&quot;; white-space: normal; background-color: rgb(255, 255, 255);\">那就是杨颖和杨幂两个人同台的时候了，杨幂的身高是一米六五，想必很多人都是知道的，不过和杨颖站在一起后却觉得比杨幂还矮了一点，这真的是让网友觉得隔着屏幕都尴尬。</p><p style=\"margin-top: 0px; margin-bottom: 32px; padding: 0px; text-indent: 28px; line-height: 32px; text-align: justify; word-wrap: break-word; word-break: normal; color: rgb(43, 43, 43); font-family: &quot;Microsoft Yahei&quot;; white-space: normal; background-color: rgb(255, 255, 255);\"><img src=\"/News/resources/upload/image/20181223/1545572799682017062.jpg\"/></p><p style=\"margin-top: 0px; margin-bottom: 32px; padding: 0px; text-indent: 28px; line-height: 32px; text-align: justify; word-wrap: break-word; word-break: normal; color: rgb(43, 43, 43); font-family: &quot;Microsoft Yahei&quot;; white-space: normal; background-color: rgb(255, 255, 255);\">而杨颖发生这样尴尬的事情也不是就这一次，在上快乐大本营的时候，也是暴露了自己的实际身高和官方身高不符，那就是当时和吴昕等人在一起拍照的照片中看出来的了。</p><p style=\"margin-top: 0px; margin-bottom: 32px; padding: 0px; text-indent: 28px; line-height: 32px; text-align: justify; word-wrap: break-word; word-break: normal; color: rgb(43, 43, 43); font-family: &quot;Microsoft Yahei&quot;; white-space: normal; background-color: rgb(255, 255, 255);\"><img src=\"/News/resources/upload/image/20181223/1545572799727071236.jpg\"/></p><p style=\"margin-top: 0px; margin-bottom: 32px; padding: 0px; text-indent: 28px; line-height: 32px; text-align: justify; word-wrap: break-word; word-break: normal; color: rgb(43, 43, 43); font-family: &quot;Microsoft Yahei&quot;; white-space: normal; background-color: rgb(255, 255, 255);\">她穿的是松糕底的鞋子，所以也就是两三厘米那么高吧！所以正常比吴昕高10厘米左右。和吴昕站在一起照片的时候，我们看看过照片之后却发现两个人的身高并没有差距那么大</p><p style=\"margin-top: 0px; margin-bottom: 32px; padding: 0px; text-indent: 28px; line-height: 32px; text-align: justify; word-wrap: break-word; word-break: normal; color: rgb(43, 43, 43); font-family: &quot;Microsoft Yahei&quot;; white-space: normal; background-color: rgb(255, 255, 255);\"><img src=\"/News/resources/upload/image/20181223/1545572799775072735.jpg\"/></p><p style=\"margin-top: 0px; margin-bottom: 32px; padding: 0px; text-indent: 28px; line-height: 32px; text-align: justify; word-wrap: break-word; word-break: normal; color: rgb(43, 43, 43); font-family: &quot;Microsoft Yahei&quot;; white-space: normal; background-color: rgb(255, 255, 255);\">随后很多人也是对这对夫妻引起热议，你们是不是也觉得很尴尬呢？</p><p style=\"margin-top: 0px; margin-bottom: 32px; padding: 0px; text-indent: 28px; line-height: 32px; text-align: justify; word-wrap: break-word; word-break: normal; color: rgb(43, 43, 43); font-family: &quot;Microsoft Yahei&quot;; white-space: normal; background-color: rgb(255, 255, 255);\"><img src=\"/News/resources/upload/image/20181223/1545572799829037944.jpg\"/></p><p><br/></p>', 9, 1, '2018-12-23 21:44:20');
INSERT INTO `news` VALUES (14, 14, '新闻测试1', '中国领土', '军事', '/News/resources/upload/1622450268685.jpg', 'ls', '<p><span class=\"ref\">中国领土包括领陆、领水与领空。领陆指国家主权管辖下的陆地及其底土。领土不是平面的，而是一个立体化三维空间，上至高空，下达地底。领土是国家构成的基本要素之一，是国家主权行使的地理空间。</span></p><p>中国的领陆包括中国大陆及其沿海岛屿、台湾岛、海南岛、钓鱼岛、赤尾屿及其附属岛屿、东沙群岛、西沙群岛、中沙群岛、南沙群岛等。领水包括内水和领海两部分。中国的领空指中国领陆和领水的上空，是中国领土的组成部分。</p><p><br/></p>', 9, 1, '2021-05-31 16:38:35');
INSERT INTO `news` VALUES (15, 18, '当“高考”遇上防疫大考，世界多国都怎样交卷？', '防疫 高考', '抗肺炎', '/News/resources/upload/1623031174438.jpg', '中国新闻网', '<p class=\"one-p\" style=\"margin-top: 0px; margin-bottom: 2em; padding: 0px; line-height: 2.2; overflow-wrap: break-word; font-family: &quot;Microsoft Yahei&quot;, Avenir, &quot;Segoe UI&quot;, &quot;Hiragino Sans GB&quot;, STHeiti, &quot;Microsoft Sans Serif&quot;, &quot;WenQuanYi Micro Hei&quot;, sans-serif; font-size: 18px; white-space: normal;\">中新网6月7日电(刘丹忆)中国2021年高考7日正式拉开大幕，1000多万名莘莘学子将走进考场，迎接人生重要的挑战。在世界上许多国家，高考也是人们成长过程中必不可少的经历。</p><p class=\"one-p\" style=\"margin-top: 0px; margin-bottom: 2em; padding: 0px; line-height: 2.2; overflow-wrap: break-word; font-family: &quot;Microsoft Yahei&quot;, Avenir, &quot;Segoe UI&quot;, &quot;Hiragino Sans GB&quot;, STHeiti, &quot;Microsoft Sans Serif&quot;, &quot;WenQuanYi Micro Hei&quot;, sans-serif; font-size: 18px; white-space: normal;\">而在新冠疫情的笼罩之下，严峻的防疫与重大考试如何平衡，这本身就是一场考验，不同的国家给出了不同的答案。</p><p class=\"one-p\" style=\"margin-top: 0px; margin-bottom: 2em; padding: 0px; line-height: 2.2; overflow-wrap: break-word; font-family: &quot;Microsoft Yahei&quot;, Avenir, &quot;Segoe UI&quot;, &quot;Hiragino Sans GB&quot;, STHeiti, &quot;Microsoft Sans Serif&quot;, &quot;WenQuanYi Micro Hei&quot;, sans-serif; font-size: 18px; white-space: normal;\"><img class=\"content-picture\" src=\"/News/resources/upload/image/20210607/1623031089133029240.jpg\"/></p><p class=\"one-p\" style=\"margin-top: 0px; margin-bottom: 2em; padding: 0px; line-height: 2.2; overflow-wrap: break-word; font-family: &quot;Microsoft Yahei&quot;, Avenir, &quot;Segoe UI&quot;, &quot;Hiragino Sans GB&quot;, STHeiti, &quot;Microsoft Sans Serif&quot;, &quot;WenQuanYi Micro Hei&quot;, sans-serif; font-size: 18px; white-space: normal;\">资料图：当地时间2020年6月30日，塞尔维亚贝尔格莱德，学生们在博览会大厅里参加大学入学考试。</p><p class=\"one-p\" style=\"margin-top: 0px; margin-bottom: 2em; padding: 0px; line-height: 2.2; overflow-wrap: break-word; font-family: &quot;Microsoft Yahei&quot;, Avenir, &quot;Segoe UI&quot;, &quot;Hiragino Sans GB&quot;, STHeiti, &quot;Microsoft Sans Serif&quot;, &quot;WenQuanYi Micro Hei&quot;, sans-serif; font-size: 18px; white-space: normal;\"><span style=\"font-weight: bolder;\">延迟or 停办？</span></p><p class=\"one-p\" style=\"margin-top: 0px; margin-bottom: 2em; padding: 0px; line-height: 2.2; overflow-wrap: break-word; font-family: &quot;Microsoft Yahei&quot;, Avenir, &quot;Segoe UI&quot;, &quot;Hiragino Sans GB&quot;, STHeiti, &quot;Microsoft Sans Serif&quot;, &quot;WenQuanYi Micro Hei&quot;, sans-serif; font-size: 18px; white-space: normal;\"><span style=\"font-weight: bolder;\">那些被疫情打乱的高考</span></p><p class=\"one-p\" style=\"margin-top: 0px; margin-bottom: 2em; padding: 0px; line-height: 2.2; overflow-wrap: break-word; font-family: &quot;Microsoft Yahei&quot;, Avenir, &quot;Segoe UI&quot;, &quot;Hiragino Sans GB&quot;, STHeiti, &quot;Microsoft Sans Serif&quot;, &quot;WenQuanYi Micro Hei&quot;, sans-serif; font-size: 18px; white-space: normal;\">新冠疫情对不少人的学业产生影响。是否举办大学入学考试？如何判断评定学生的高中毕业成绩？在多方权衡之后，不同国家有着不同的选择。</p><p class=\"one-p\" style=\"margin-top: 0px; margin-bottom: 2em; padding: 0px; line-height: 2.2; overflow-wrap: break-word; font-family: &quot;Microsoft Yahei&quot;, Avenir, &quot;Segoe UI&quot;, &quot;Hiragino Sans GB&quot;, STHeiti, &quot;Microsoft Sans Serif&quot;, &quot;WenQuanYi Micro Hei&quot;, sans-serif; font-size: 18px; white-space: normal;\">英国早在2021年年初就做出了取消高考的决定。1月，英国教育大臣加文·威廉姆森宣布取消英格兰2021年夏季A-Level(高考)和GCSE(中考)的考试。</p><p class=\"one-p\" style=\"margin-top: 0px; margin-bottom: 2em; padding: 0px; line-height: 2.2; overflow-wrap: break-word; font-family: &quot;Microsoft Yahei&quot;, Avenir, &quot;Segoe UI&quot;, &quot;Hiragino Sans GB&quot;, STHeiti, &quot;Microsoft Sans Serif&quot;, &quot;WenQuanYi Micro Hei&quot;, sans-serif; font-size: 18px; white-space: normal;\">这不是英国第一次因为疫情取消高考。2020年新冠疫情在英伦三岛肆虐时，英国就直接取消了当年的高考和中考，学生成绩改由学校测评、然后再由英国考试资格办公室使用“算法模型”进行分数调整。</p><p class=\"one-p\" style=\"margin-top: 0px; margin-bottom: 2em; padding: 0px; line-height: 2.2; overflow-wrap: break-word; font-family: &quot;Microsoft Yahei&quot;, Avenir, &quot;Segoe UI&quot;, &quot;Hiragino Sans GB&quot;, STHeiti, &quot;Microsoft Sans Serif&quot;, &quot;WenQuanYi Micro Hei&quot;, sans-serif; font-size: 18px; white-space: normal;\">不过，取消高考的国家毕竟只是少数，大多数国家还是会克服种种困难，保证高考顺利举行。</p><p class=\"one-p\" style=\"margin-top: 0px; margin-bottom: 2em; padding: 0px; line-height: 2.2; overflow-wrap: break-word; font-family: &quot;Microsoft Yahei&quot;, Avenir, &quot;Segoe UI&quot;, &quot;Hiragino Sans GB&quot;, STHeiti, &quot;Microsoft Sans Serif&quot;, &quot;WenQuanYi Micro Hei&quot;, sans-serif; font-size: 18px; white-space: normal;\"><img class=\"content-picture\" src=\"/News/resources/upload/image/20210607/1623031089378098207.jpg\"/></p><p class=\"one-p\" style=\"margin-top: 0px; margin-bottom: 2em; padding: 0px; line-height: 2.2; overflow-wrap: break-word; font-family: &quot;Microsoft Yahei&quot;, Avenir, &quot;Segoe UI&quot;, &quot;Hiragino Sans GB&quot;, STHeiti, &quot;Microsoft Sans Serif&quot;, &quot;WenQuanYi Micro Hei&quot;, sans-serif; font-size: 18px; white-space: normal;\">资料图：当地时间2020年12月3日，延迟近一个月的韩国高考举行。图为在首尔某考点内，考桌上设有隔板。 中新社发 首尔市教育厅 供图</p><p class=\"one-p\" style=\"margin-top: 0px; margin-bottom: 2em; padding: 0px; line-height: 2.2; overflow-wrap: break-word; font-family: &quot;Microsoft Yahei&quot;, Avenir, &quot;Segoe UI&quot;, &quot;Hiragino Sans GB&quot;, STHeiti, &quot;Microsoft Sans Serif&quot;, &quot;WenQuanYi Micro Hei&quot;, sans-serif; font-size: 18px; white-space: normal;\">2020年12月，韩国2021学年高考在延迟一个月后得以举行，不过只有49万人参加考试，这一数字创下了历史最低纪录。</p><p class=\"one-p\" style=\"margin-top: 0px; margin-bottom: 2em; padding: 0px; line-height: 2.2; overflow-wrap: break-word; font-family: &quot;Microsoft Yahei&quot;, Avenir, &quot;Segoe UI&quot;, &quot;Hiragino Sans GB&quot;, STHeiti, &quot;Microsoft Sans Serif&quot;, &quot;WenQuanYi Micro Hei&quot;, sans-serif; font-size: 18px; white-space: normal;\">19岁的全英镇在进考场前说：“这是我第二次参加考试，尽管有感染新冠病毒的风险，但我仍想完成考试。”</p><p class=\"one-p\" style=\"margin-top: 0px; margin-bottom: 2em; padding: 0px; line-height: 2.2; overflow-wrap: break-word; font-family: &quot;Microsoft Yahei&quot;, Avenir, &quot;Segoe UI&quot;, &quot;Hiragino Sans GB&quot;, STHeiti, &quot;Microsoft Sans Serif&quot;, &quot;WenQuanYi Micro Hei&quot;, sans-serif; font-size: 18px; white-space: normal;\">而对于从2020年11月起就没有正常上课的法国高中生来说，完成毕业考试可能有很大难度。</p><p class=\"one-p\" style=\"margin-top: 0px; margin-bottom: 2em; padding: 0px; line-height: 2.2; overflow-wrap: break-word; font-family: &quot;Microsoft Yahei&quot;, Avenir, &quot;Segoe UI&quot;, &quot;Hiragino Sans GB&quot;, STHeiti, &quot;Microsoft Sans Serif&quot;, &quot;WenQuanYi Micro Hei&quot;, sans-serif; font-size: 18px; white-space: normal;\">为了应对疫情下的新情况，法国教育部长布朗盖在2021年5月宣布，在一定程度上降低口试的难度，并且会在哲学结业考试分数和平时测验的平均分中挑选较优者，作为最终毕业成绩，以此减轻学生们的应试压力。</p><p class=\"one-p\" style=\"margin-top: 0px; margin-bottom: 2em; padding: 0px; line-height: 2.2; overflow-wrap: break-word; font-family: &quot;Microsoft Yahei&quot;, Avenir, &quot;Segoe UI&quot;, &quot;Hiragino Sans GB&quot;, STHeiti, &quot;Microsoft Sans Serif&quot;, &quot;WenQuanYi Micro Hei&quot;, sans-serif; font-size: 18px; white-space: normal;\"><span style=\"font-weight: bolder;\">戴口罩、打疫苗</span></p><p class=\"one-p\" style=\"margin-top: 0px; margin-bottom: 2em; padding: 0px; line-height: 2.2; overflow-wrap: break-word; font-family: &quot;Microsoft Yahei&quot;, Avenir, &quot;Segoe UI&quot;, &quot;Hiragino Sans GB&quot;, STHeiti, &quot;Microsoft Sans Serif&quot;, &quot;WenQuanYi Micro Hei&quot;, sans-serif; font-size: 18px; white-space: normal;\"><span style=\"font-weight: bolder;\">疫情下“赶考”全副武装</span></p><p class=\"one-p\" style=\"margin-top: 0px; margin-bottom: 2em; padding: 0px; line-height: 2.2; overflow-wrap: break-word; font-family: &quot;Microsoft Yahei&quot;, Avenir, &quot;Segoe UI&quot;, &quot;Hiragino Sans GB&quot;, STHeiti, &quot;Microsoft Sans Serif&quot;, &quot;WenQuanYi Micro Hei&quot;, sans-serif; font-size: 18px; white-space: normal;\">在疫情期间，高考的防疫安全问题成为重中之重，是各国政府和社会各界关注的焦点。</p><p class=\"one-p\" style=\"margin-top: 0px; margin-bottom: 2em; padding: 0px; line-height: 2.2; overflow-wrap: break-word; font-family: &quot;Microsoft Yahei&quot;, Avenir, &quot;Segoe UI&quot;, &quot;Hiragino Sans GB&quot;, STHeiti, &quot;Microsoft Sans Serif&quot;, &quot;WenQuanYi Micro Hei&quot;, sans-serif; font-size: 18px; white-space: normal;\">受疫情影响，乌兹别克斯坦2020年大学入学考试选在乌各地的开放式体育馆进行，以保证考生之间保持适当的距离。</p><p class=\"one-p\" style=\"margin-top: 0px; margin-bottom: 2em; padding: 0px; line-height: 2.2; overflow-wrap: break-word; font-family: &quot;Microsoft Yahei&quot;, Avenir, &quot;Segoe UI&quot;, &quot;Hiragino Sans GB&quot;, STHeiti, &quot;Microsoft Sans Serif&quot;, &quot;WenQuanYi Micro Hei&quot;, sans-serif; font-size: 18px; white-space: normal;\"><img class=\"content-picture\" src=\"/News/resources/upload/image/20210607/1623031089574026483.jpg\"/></p><p class=\"one-p\" style=\"margin-top: 0px; margin-bottom: 2em; padding: 0px; line-height: 2.2; overflow-wrap: break-word; font-family: &quot;Microsoft Yahei&quot;, Avenir, &quot;Segoe UI&quot;, &quot;Hiragino Sans GB&quot;, STHeiti, &quot;Microsoft Sans Serif&quot;, &quot;WenQuanYi Micro Hei&quot;, sans-serif; font-size: 18px; white-space: normal;\">资料图：当地时间2020年4月20日，德国柏林斯特格利茨体育馆，新冠肺炎疫情期间，老师在开始高中毕业考试前，欢迎前来参考的学生。</p><p class=\"one-p\" style=\"margin-top: 0px; margin-bottom: 2em; padding: 0px; line-height: 2.2; overflow-wrap: break-word; font-family: &quot;Microsoft Yahei&quot;, Avenir, &quot;Segoe UI&quot;, &quot;Hiragino Sans GB&quot;, STHeiti, &quot;Microsoft Sans Serif&quot;, &quot;WenQuanYi Micro Hei&quot;, sans-serif; font-size: 18px; white-space: normal;\">日本2021年高考于1月举行，在当时新冠疫情升温的背景下，各考点要求考生戴口罩、间隔一米落座、进出考场时手部消毒；每场考试结束后考场通风至少10分钟。</p><p class=\"one-p\" style=\"margin-top: 0px; margin-bottom: 2em; padding: 0px; line-height: 2.2; overflow-wrap: break-word; font-family: &quot;Microsoft Yahei&quot;, Avenir, &quot;Segoe UI&quot;, &quot;Hiragino Sans GB&quot;, STHeiti, &quot;Microsoft Sans Serif&quot;, &quot;WenQuanYi Micro Hei&quot;, sans-serif; font-size: 18px; white-space: normal;\">日本高考考场对于戴口罩的规定尤其严格，有1名考生在考试过程中戴口罩时露出了鼻子，监考人员提醒6次其仍不戴好，结果被认定存在违规行为，所有成绩不计分。这种因小失大的举动，实在不应该。</p><p class=\"one-p\" style=\"margin-top: 0px; margin-bottom: 2em; padding: 0px; line-height: 2.2; overflow-wrap: break-word; font-family: &quot;Microsoft Yahei&quot;, Avenir, &quot;Segoe UI&quot;, &quot;Hiragino Sans GB&quot;, STHeiti, &quot;Microsoft Sans Serif&quot;, &quot;WenQuanYi Micro Hei&quot;, sans-serif; font-size: 18px; white-space: normal;\">除了戴口罩，接种疫苗对考生也极为重要。韩国中央防疫对策本部此前表示，考虑到2021年高考日程，计划到7-8月之前，完成面向18岁高三学生的新冠疫苗接种工作。</p><p class=\"one-p\" style=\"margin-top: 0px; margin-bottom: 2em; padding: 0px; line-height: 2.2; overflow-wrap: break-word; font-family: &quot;Microsoft Yahei&quot;, Avenir, &quot;Segoe UI&quot;, &quot;Hiragino Sans GB&quot;, STHeiti, &quot;Microsoft Sans Serif&quot;, &quot;WenQuanYi Micro Hei&quot;, sans-serif; font-size: 18px; white-space: normal;\">希腊教育部此前宣布，从5月17日起，希腊在校学生、教职员工将需要在每周一上课之前的24小时内进行一次新冠病毒自测。该国将于6月14日举行高考，如果考生新冠检测呈阳性，可以申请参加于9月举办的“补考”。</p><p class=\"one-p\" style=\"margin-top: 0px; margin-bottom: 2em; padding: 0px; line-height: 2.2; overflow-wrap: break-word; font-family: &quot;Microsoft Yahei&quot;, Avenir, &quot;Segoe UI&quot;, &quot;Hiragino Sans GB&quot;, STHeiti, &quot;Microsoft Sans Serif&quot;, &quot;WenQuanYi Micro Hei&quot;, sans-serif; font-size: 18px; white-space: normal;\"><span style=\"font-weight: bolder;\">各国高考面面观</span></p><p class=\"one-p\" style=\"margin-top: 0px; margin-bottom: 2em; padding: 0px; line-height: 2.2; overflow-wrap: break-word; font-family: &quot;Microsoft Yahei&quot;, Avenir, &quot;Segoe UI&quot;, &quot;Hiragino Sans GB&quot;, STHeiti, &quot;Microsoft Sans Serif&quot;, &quot;WenQuanYi Micro Hei&quot;, sans-serif; font-size: 18px; white-space: normal;\"><span style=\"font-weight: bolder;\">韩国高考是场“核战役”？</span></p><p class=\"one-p\" style=\"margin-top: 0px; margin-bottom: 2em; padding: 0px; line-height: 2.2; overflow-wrap: break-word; font-family: &quot;Microsoft Yahei&quot;, Avenir, &quot;Segoe UI&quot;, &quot;Hiragino Sans GB&quot;, STHeiti, &quot;Microsoft Sans Serif&quot;, &quot;WenQuanYi Micro Hei&quot;, sans-serif; font-size: 18px; white-space: normal;\">不论是否受疫情影响，高考对于绝大多数学生来说，注定是难忘的一段经历。每个国家的教育制度不同，海外的学子们为了进入理想的大学，需要经历怎样的考验呢？</p><p class=\"one-p\" style=\"margin-top: 0px; margin-bottom: 2em; padding: 0px; line-height: 2.2; overflow-wrap: break-word; font-family: &quot;Microsoft Yahei&quot;, Avenir, &quot;Segoe UI&quot;, &quot;Hiragino Sans GB&quot;, STHeiti, &quot;Microsoft Sans Serif&quot;, &quot;WenQuanYi Micro Hei&quot;, sans-serif; font-size: 18px; white-space: normal;\"><img class=\"content-picture\" src=\"/News/resources/upload/image/20210607/1623031089886085545.jpg\"/></p><p class=\"one-p\" style=\"margin-top: 0px; margin-bottom: 2em; padding: 0px; line-height: 2.2; overflow-wrap: break-word; font-family: &quot;Microsoft Yahei&quot;, Avenir, &quot;Segoe UI&quot;, &quot;Hiragino Sans GB&quot;, STHeiti, &quot;Microsoft Sans Serif&quot;, &quot;WenQuanYi Micro Hei&quot;, sans-serif; font-size: 18px; white-space: normal;\">资料图：当地时间2018年11月15日，韩国大学入学考试第一天，学生家长陪同送考为考生加油打气，更有考生后辈在考场外祝福学长学姐“高考”顺利。</p><p class=\"one-p\" style=\"margin-top: 0px; margin-bottom: 2em; padding: 0px; line-height: 2.2; overflow-wrap: break-word; font-family: &quot;Microsoft Yahei&quot;, Avenir, &quot;Segoe UI&quot;, &quot;Hiragino Sans GB&quot;, STHeiti, &quot;Microsoft Sans Serif&quot;, &quot;WenQuanYi Micro Hei&quot;, sans-serif; font-size: 18px; white-space: normal;\">——日本：统考与自主招生考试相结合</p><p class=\"one-p\" style=\"margin-top: 0px; margin-bottom: 2em; padding: 0px; line-height: 2.2; overflow-wrap: break-word; font-family: &quot;Microsoft Yahei&quot;, Avenir, &quot;Segoe UI&quot;, &quot;Hiragino Sans GB&quot;, STHeiti, &quot;Microsoft Sans Serif&quot;, &quot;WenQuanYi Micro Hei&quot;, sans-serif; font-size: 18px; white-space: normal;\">日本的大学入学考试和招生制度并不是“一锤定音”，采取全国统一命题考试与各高校自主命题招生相结合的制度。全国统一命题的“大学入学考试”基本上可以理解为日本式“高考”，日本从2021年开始实施改革，虽然“高考”出题方式维持不变，但题型会较过往更重视思考力与判断力。</p><p class=\"one-p\" style=\"margin-top: 0px; margin-bottom: 2em; padding: 0px; line-height: 2.2; overflow-wrap: break-word; font-family: &quot;Microsoft Yahei&quot;, Avenir, &quot;Segoe UI&quot;, &quot;Hiragino Sans GB&quot;, STHeiti, &quot;Microsoft Sans Serif&quot;, &quot;WenQuanYi Micro Hei&quot;, sans-serif; font-size: 18px; white-space: normal;\">——韩国：高考是场“核战役”</p><p class=\"one-p\" style=\"margin-top: 0px; margin-bottom: 2em; padding: 0px; line-height: 2.2; overflow-wrap: break-word; font-family: &quot;Microsoft Yahei&quot;, Avenir, &quot;Segoe UI&quot;, &quot;Hiragino Sans GB&quot;, STHeiti, &quot;Microsoft Sans Serif&quot;, &quot;WenQuanYi Micro Hei&quot;, sans-serif; font-size: 18px; white-space: normal;\">韩国高考的考生要在一天内考完5门科目，连续九个小时的奋战是一种意志力的考验，曾有学生形容高考是场“核战役”。</p><p class=\"one-p\" style=\"margin-top: 0px; margin-bottom: 2em; padding: 0px; line-height: 2.2; overflow-wrap: break-word; font-family: &quot;Microsoft Yahei&quot;, Avenir, &quot;Segoe UI&quot;, &quot;Hiragino Sans GB&quot;, STHeiti, &quot;Microsoft Sans Serif&quot;, &quot;WenQuanYi Micro Hei&quot;, sans-serif; font-size: 18px; white-space: normal;\">高考当天，整个韩国都高度戒备，为考生们让路和服务，国家机构、大型企业推迟上班，甚至股市开盘都延迟一个小时，以避免形成道路堵塞。为了配合英语听力考试，飞机起飞和降落都暂停25分钟，穿过领空的飞机必须保证飞行高度高于3000米。</p><p class=\"one-p\" style=\"margin-top: 0px; margin-bottom: 2em; padding: 0px; line-height: 2.2; overflow-wrap: break-word; font-family: &quot;Microsoft Yahei&quot;, Avenir, &quot;Segoe UI&quot;, &quot;Hiragino Sans GB&quot;, STHeiti, &quot;Microsoft Sans Serif&quot;, &quot;WenQuanYi Micro Hei&quot;, sans-serif; font-size: 18px; white-space: normal;\">——美国：ACT和SAT</p><p class=\"one-p\" style=\"margin-top: 0px; margin-bottom: 2em; padding: 0px; line-height: 2.2; overflow-wrap: break-word; font-family: &quot;Microsoft Yahei&quot;, Avenir, &quot;Segoe UI&quot;, &quot;Hiragino Sans GB&quot;, STHeiti, &quot;Microsoft Sans Serif&quot;, &quot;WenQuanYi Micro Hei&quot;, sans-serif; font-size: 18px; white-space: normal;\">ACT考试与SAT考试均被称为“美国高考”，它们既是美国大学的入学条件之一，又是大学发放奖学金的主要依据。两者在出题机构、试卷构成、题型、判分标准以及考试日期上有所不同，但在申请美国名牌大学时的作用与效力相同。</p><p class=\"one-p\" style=\"margin-top: 0px; margin-bottom: 2em; padding: 0px; line-height: 2.2; overflow-wrap: break-word; font-family: &quot;Microsoft Yahei&quot;, Avenir, &quot;Segoe UI&quot;, &quot;Hiragino Sans GB&quot;, STHeiti, &quot;Microsoft Sans Serif&quot;, &quot;WenQuanYi Micro Hei&quot;, sans-serif; font-size: 18px; white-space: normal;\"><span style=\"font-weight: bolder;\">哲学是法国高考“第一关”</span></p><p class=\"one-p\" style=\"margin-top: 0px; margin-bottom: 2em; padding: 0px; line-height: 2.2; overflow-wrap: break-word; font-family: &quot;Microsoft Yahei&quot;, Avenir, &quot;Segoe UI&quot;, &quot;Hiragino Sans GB&quot;, STHeiti, &quot;Microsoft Sans Serif&quot;, &quot;WenQuanYi Micro Hei&quot;, sans-serif; font-size: 18px; white-space: normal;\"><span style=\"font-weight: bolder;\">汉语纳入俄罗斯高考</span></p><p class=\"one-p\" style=\"margin-top: 0px; margin-bottom: 2em; padding: 0px; line-height: 2.2; overflow-wrap: break-word; font-family: &quot;Microsoft Yahei&quot;, Avenir, &quot;Segoe UI&quot;, &quot;Hiragino Sans GB&quot;, STHeiti, &quot;Microsoft Sans Serif&quot;, &quot;WenQuanYi Micro Hei&quot;, sans-serif; font-size: 18px; white-space: normal;\">尽管考试形式有相似之处，但在历史、文化等多重因素的碰撞之下，每一个国家的高考都有其独特之处。</p><p class=\"one-p\" style=\"margin-top: 0px; margin-bottom: 2em; padding: 0px; line-height: 2.2; overflow-wrap: break-word; font-family: &quot;Microsoft Yahei&quot;, Avenir, &quot;Segoe UI&quot;, &quot;Hiragino Sans GB&quot;, STHeiti, &quot;Microsoft Sans Serif&quot;, &quot;WenQuanYi Micro Hei&quot;, sans-serif; font-size: 18px; white-space: normal;\"><img class=\"content-picture\" src=\"/News/resources/upload/image/20210607/1623031090146042779.jpg\"/></p><p class=\"one-p\" style=\"margin-top: 0px; margin-bottom: 2em; padding: 0px; line-height: 2.2; overflow-wrap: break-word; font-family: &quot;Microsoft Yahei&quot;, Avenir, &quot;Segoe UI&quot;, &quot;Hiragino Sans GB&quot;, STHeiti, &quot;Microsoft Sans Serif&quot;, &quot;WenQuanYi Micro Hei&quot;, sans-serif; font-size: 18px; white-space: normal;\">资料图：当地时间2018年6月18日，法国高中毕业会考开考，学生们参加第一科——4小时的哲学考试。</p><p class=\"one-p\" style=\"margin-top: 0px; margin-bottom: 2em; padding: 0px; line-height: 2.2; overflow-wrap: break-word; font-family: &quot;Microsoft Yahei&quot;, Avenir, &quot;Segoe UI&quot;, &quot;Hiragino Sans GB&quot;, STHeiti, &quot;Microsoft Sans Serif&quot;, &quot;WenQuanYi Micro Hei&quot;, sans-serif; font-size: 18px; white-space: normal;\">——法国：哲学是“第一关”</p><p class=\"one-p\" style=\"margin-top: 0px; margin-bottom: 2em; padding: 0px; line-height: 2.2; overflow-wrap: break-word; font-family: &quot;Microsoft Yahei&quot;, Avenir, &quot;Segoe UI&quot;, &quot;Hiragino Sans GB&quot;, STHeiti, &quot;Microsoft Sans Serif&quot;, &quot;WenQuanYi Micro Hei&quot;, sans-serif; font-size: 18px; white-space: normal;\">法国高考已有200多年历史，最早由拿破仑一世在1808年定下，当时的第一堂考试就是哲学，如今哲学也是每年高考的“第一关”，考生要在4小时的时间里完成一篇哲学话题的文章。</p><p class=\"one-p\" style=\"margin-top: 0px; margin-bottom: 2em; padding: 0px; line-height: 2.2; overflow-wrap: break-word; font-family: &quot;Microsoft Yahei&quot;, Avenir, &quot;Segoe UI&quot;, &quot;Hiragino Sans GB&quot;, STHeiti, &quot;Microsoft Sans Serif&quot;, &quot;WenQuanYi Micro Hei&quot;, sans-serif; font-size: 18px; white-space: normal;\">“人能否逃脱时间”“解读艺术作品有什么用”“我有权利做的一切事都是正确的吗？”，这些题目看似“形而上”，实则能引发对社会问题的深入思考。</p><p class=\"one-p\" style=\"margin-top: 0px; margin-bottom: 2em; padding: 0px; line-height: 2.2; overflow-wrap: break-word; font-family: &quot;Microsoft Yahei&quot;, Avenir, &quot;Segoe UI&quot;, &quot;Hiragino Sans GB&quot;, STHeiti, &quot;Microsoft Sans Serif&quot;, &quot;WenQuanYi Micro Hei&quot;, sans-serif; font-size: 18px; white-space: normal;\">——埃及：军用飞机运高考试卷</p><p class=\"one-p\" style=\"margin-top: 0px; margin-bottom: 2em; padding: 0px; line-height: 2.2; overflow-wrap: break-word; font-family: &quot;Microsoft Yahei&quot;, Avenir, &quot;Segoe UI&quot;, &quot;Hiragino Sans GB&quot;, STHeiti, &quot;Microsoft Sans Serif&quot;, &quot;WenQuanYi Micro Hei&quot;, sans-serif; font-size: 18px; white-space: normal;\">埃及每年升学考试的试卷通常是由火车或汽车运送，可是在运送过程中考试卷被盗或试题泄露的事件多次发生。2008年，埃及高考前考题遭泄露，当时涉案犯罪嫌疑人有20多人。为防止泄题事件的发生，埃及不惜动用军用飞机运送试卷。</p><p class=\"one-p\" style=\"margin-top: 0px; margin-bottom: 2em; padding: 0px; line-height: 2.2; overflow-wrap: break-word; font-family: &quot;Microsoft Yahei&quot;, Avenir, &quot;Segoe UI&quot;, &quot;Hiragino Sans GB&quot;, STHeiti, &quot;Microsoft Sans Serif&quot;, &quot;WenQuanYi Micro Hei&quot;, sans-serif; font-size: 18px; white-space: normal;\">——俄罗斯：汉语纳入高考，有学霸拿满分</p><p class=\"one-p\" style=\"margin-top: 0px; margin-bottom: 2em; padding: 0px; line-height: 2.2; overflow-wrap: break-word; font-family: &quot;Microsoft Yahei&quot;, Avenir, &quot;Segoe UI&quot;, &quot;Hiragino Sans GB&quot;, STHeiti, &quot;Microsoft Sans Serif&quot;, &quot;WenQuanYi Micro Hei&quot;, sans-serif; font-size: 18px; white-space: normal;\">俄罗斯近年来兴起“中文热”。2019年俄罗斯首次将汉语科目纳入国家统一考试科目，汉语成为可供考生选择的第五种语言。当年汉语考试平均得分62.5分，成绩令人乐观，更有一名毕业生汉语得了100分满分。(完)</p><p><br/></p>', 1, 0, '2021-06-07 09:59:53');
INSERT INTO `news` VALUES (16, 17, '全员混乱，这是我见过最好笑的离婚大战了......', '离婚 混乱', '娱乐', '/News/resources/upload/1623031579610.jpg', '扒婆', '<p class=\"one-p\" style=\"margin-top: 0px; margin-bottom: 2em; padding: 0px; line-height: 2.2; overflow-wrap: break-word; font-family: &quot;Microsoft Yahei&quot;, Avenir, &quot;Segoe UI&quot;, &quot;Hiragino Sans GB&quot;, STHeiti, &quot;Microsoft Sans Serif&quot;, &quot;WenQuanYi Micro Hei&quot;, sans-serif; font-size: 18px; white-space: normal;\">本文原创自微信公众号<span style=\"font-weight: bolder;\">“扒婆” 微信号：bapo818</span>，未经允许，请勿转载。不过欢迎大家把文章转发到朋友圈哦，么么哒</p><p class=\"one-p\" style=\"margin-top: 0px; margin-bottom: 2em; padding: 0px; line-height: 2.2; overflow-wrap: break-word; font-family: &quot;Microsoft Yahei&quot;, Avenir, &quot;Segoe UI&quot;, &quot;Hiragino Sans GB&quot;, STHeiti, &quot;Microsoft Sans Serif&quot;, &quot;WenQuanYi Micro Hei&quot;, sans-serif; font-size: 18px; white-space: normal;\">大S和汪小菲这场突如其来的离婚大战让人没想到，很是猝不及防，尤其这件事发生在他俩闪婚10年后，发生从当初所有观众都不看好她俩到如今大多转变态度觉得她俩很稳定的时期。</p><p class=\"one-p\" style=\"margin-top: 0px; margin-bottom: 2em; padding: 0px; line-height: 2.2; overflow-wrap: break-word; font-family: &quot;Microsoft Yahei&quot;, Avenir, &quot;Segoe UI&quot;, &quot;Hiragino Sans GB&quot;, STHeiti, &quot;Microsoft Sans Serif&quot;, &quot;WenQuanYi Micro Hei&quot;, sans-serif; font-size: 18px; white-space: normal;\"><img class=\"content-picture\" src=\"/News/resources/upload/image/20210607/1623031518189085393.jpg\"/></p><p class=\"one-p\" style=\"margin-top: 0px; margin-bottom: 2em; padding: 0px; line-height: 2.2; overflow-wrap: break-word; font-family: &quot;Microsoft Yahei&quot;, Avenir, &quot;Segoe UI&quot;, &quot;Hiragino Sans GB&quot;, STHeiti, &quot;Microsoft Sans Serif&quot;, &quot;WenQuanYi Micro Hei&quot;, sans-serif; font-size: 18px; white-space: normal;\"><span style=\"font-weight: bolder;\">而比大S究竟会不会真的离婚这个答案更有趣的，是这场离婚大战过程中的无厘头和搞笑</span>（或许看完这个看似荒诞的闹离婚过程，有些答案也能在其中找到那么一点点）。</p><p class=\"one-p\" style=\"margin-top: 0px; margin-bottom: 2em; padding: 0px; line-height: 2.2; overflow-wrap: break-word; font-family: &quot;Microsoft Yahei&quot;, Avenir, &quot;Segoe UI&quot;, &quot;Hiragino Sans GB&quot;, STHeiti, &quot;Microsoft Sans Serif&quot;, &quot;WenQuanYi Micro Hei&quot;, sans-serif; font-size: 18px; white-space: normal;\">这应该是我今年来看到过的最好笑的一场婚变了（要知道最近几年贵圈可没少离婚，这就更衬托出这场婚变的娱乐效果有多优秀了）。</p><p class=\"one-p\" style=\"margin-top: 0px; margin-bottom: 2em; padding: 0px; line-height: 2.2; overflow-wrap: break-word; font-family: &quot;Microsoft Yahei&quot;, Avenir, &quot;Segoe UI&quot;, &quot;Hiragino Sans GB&quot;, STHeiti, &quot;Microsoft Sans Serif&quot;, &quot;WenQuanYi Micro Hei&quot;, sans-serif; font-size: 18px; white-space: normal;\"><span style=\"font-weight: bolder;\">来欣赏一下这场全员忙到一团乱还呈现混合瞎打的离婚大战的具体过程</span></p><p class=\"one-p\" style=\"margin-top: 0px; margin-bottom: 2em; padding: 0px; line-height: 2.2; overflow-wrap: break-word; font-family: &quot;Microsoft Yahei&quot;, Avenir, &quot;Segoe UI&quot;, &quot;Hiragino Sans GB&quot;, STHeiti, &quot;Microsoft Sans Serif&quot;, &quot;WenQuanYi Micro Hei&quot;, sans-serif; font-size: 18px; white-space: normal;\">导火线呢，来自于汪小菲的一条微博</p><p class=\"one-p\" style=\"margin-top: 0px; margin-bottom: 2em; padding: 0px; line-height: 2.2; overflow-wrap: break-word; font-family: &quot;Microsoft Yahei&quot;, Avenir, &quot;Segoe UI&quot;, &quot;Hiragino Sans GB&quot;, STHeiti, &quot;Microsoft Sans Serif&quot;, &quot;WenQuanYi Micro Hei&quot;, sans-serif; font-size: 18px; white-space: normal;\"><img class=\"content-picture\" src=\"/News/resources/upload/image/20210607/1623031518586024538.png\"/></p><p class=\"one-p\" style=\"margin-top: 0px; margin-bottom: 2em; padding: 0px; line-height: 2.2; overflow-wrap: break-word; font-family: &quot;Microsoft Yahei&quot;, Avenir, &quot;Segoe UI&quot;, &quot;Hiragino Sans GB&quot;, STHeiti, &quot;Microsoft Sans Serif&quot;, &quot;WenQuanYi Micro Hei&quot;, sans-serif; font-size: 18px; white-space: normal;\">汪小菲这一骂，媒体们都兴奋起来了，看戏，谁不爱啊，又能做文章又能拿稿费，想也知道媒体绝不会放过身为台湾省土生土长的本地人大S。</p><p class=\"one-p\" style=\"margin-top: 0px; margin-bottom: 2em; padding: 0px; line-height: 2.2; overflow-wrap: break-word; font-family: &quot;Microsoft Yahei&quot;, Avenir, &quot;Segoe UI&quot;, &quot;Hiragino Sans GB&quot;, STHeiti, &quot;Microsoft Sans Serif&quot;, &quot;WenQuanYi Micro Hei&quot;, sans-serif; font-size: 18px; white-space: normal;\">所以媒体就扎堆去蹲守轰炸大S，采访她对于汪小菲言论的看法了。</p><p class=\"one-p\" style=\"margin-top: 0px; margin-bottom: 2em; padding: 0px; line-height: 2.2; overflow-wrap: break-word; font-family: &quot;Microsoft Yahei&quot;, Avenir, &quot;Segoe UI&quot;, &quot;Hiragino Sans GB&quot;, STHeiti, &quot;Microsoft Sans Serif&quot;, &quot;WenQuanYi Micro Hei&quot;, sans-serif; font-size: 18px; white-space: normal;\">结果大S眉头不带皱一道的直接甩了个炸弹出来。</p><p class=\"one-p\" style=\"margin-top: 0px; margin-bottom: 2em; padding: 0px; line-height: 2.2; overflow-wrap: break-word; font-family: &quot;Microsoft Yahei&quot;, Avenir, &quot;Segoe UI&quot;, &quot;Hiragino Sans GB&quot;, STHeiti, &quot;Microsoft Sans Serif&quot;, &quot;WenQuanYi Micro Hei&quot;, sans-serif; font-size: 18px; white-space: normal;\">“老娘正在办离婚手续，对于汪小菲的言论，本人不予置评”。</p><p class=\"one-p\" style=\"margin-top: 0px; margin-bottom: 2em; padding: 0px; line-height: 2.2; overflow-wrap: break-word; font-family: &quot;Microsoft Yahei&quot;, Avenir, &quot;Segoe UI&quot;, &quot;Hiragino Sans GB&quot;, STHeiti, &quot;Microsoft Sans Serif&quot;, &quot;WenQuanYi Micro Hei&quot;, sans-serif; font-size: 18px; white-space: normal;\">这个本人就很有灵性，熟悉大S风格的都知道，这口吻非常她本人，不像别人编造的。</p><p class=\"one-p\" style=\"margin-top: 0px; margin-bottom: 2em; padding: 0px; line-height: 2.2; overflow-wrap: break-word; font-family: &quot;Microsoft Yahei&quot;, Avenir, &quot;Segoe UI&quot;, &quot;Hiragino Sans GB&quot;, STHeiti, &quot;Microsoft Sans Serif&quot;, &quot;WenQuanYi Micro Hei&quot;, sans-serif; font-size: 18px; white-space: normal;\"><img class=\"content-picture\" src=\"/News/resources/upload/image/20210607/1623031518758080840.jpg\"/></p><p class=\"one-p\" style=\"margin-top: 0px; margin-bottom: 2em; padding: 0px; line-height: 2.2; overflow-wrap: break-word; font-family: &quot;Microsoft Yahei&quot;, Avenir, &quot;Segoe UI&quot;, &quot;Hiragino Sans GB&quot;, STHeiti, &quot;Microsoft Sans Serif&quot;, &quot;WenQuanYi Micro Hei&quot;, sans-serif; font-size: 18px; white-space: normal;\">不能不夸大S，深谙危机公关之道。</p><p class=\"one-p\" style=\"margin-top: 0px; margin-bottom: 2em; padding: 0px; line-height: 2.2; overflow-wrap: break-word; font-family: &quot;Microsoft Yahei&quot;, Avenir, &quot;Segoe UI&quot;, &quot;Hiragino Sans GB&quot;, STHeiti, &quot;Microsoft Sans Serif&quot;, &quot;WenQuanYi Micro Hei&quot;, sans-serif; font-size: 18px; white-space: normal;\">每次徐家出现争议危机，都是她挺身而出，舍身炸碉堡。</p><p class=\"one-p\" style=\"margin-top: 0px; margin-bottom: 2em; padding: 0px; line-height: 2.2; overflow-wrap: break-word; font-family: &quot;Microsoft Yahei&quot;, Avenir, &quot;Segoe UI&quot;, &quot;Hiragino Sans GB&quot;, STHeiti, &quot;Microsoft Sans Serif&quot;, &quot;WenQuanYi Micro Hei&quot;, sans-serif; font-size: 18px; white-space: normal;\">上回小S婆家闹出一系列官司上身时，向来不喜欢被爆隐私的大S孕期3个月不到主动自曝怀了二胎，给被媒体追访到无路可逃的小S解了围。</p><p class=\"one-p\" style=\"margin-top: 0px; margin-bottom: 2em; padding: 0px; line-height: 2.2; overflow-wrap: break-word; font-family: &quot;Microsoft Yahei&quot;, Avenir, &quot;Segoe UI&quot;, &quot;Hiragino Sans GB&quot;, STHeiti, &quot;Microsoft Sans Serif&quot;, &quot;WenQuanYi Micro Hei&quot;, sans-serif; font-size: 18px; white-space: normal;\">这次也一样，不管离婚是不是真的，是不是早有这个念头，但离婚炸弹一扔，媒体还是情不自禁的被带跑了。</p><p class=\"one-p\" style=\"margin-top: 0px; margin-bottom: 2em; padding: 0px; line-height: 2.2; overflow-wrap: break-word; font-family: &quot;Microsoft Yahei&quot;, Avenir, &quot;Segoe UI&quot;, &quot;Hiragino Sans GB&quot;, STHeiti, &quot;Microsoft Sans Serif&quot;, &quot;WenQuanYi Micro Hei&quot;, sans-serif; font-size: 18px; white-space: normal;\">好了十年，真的要离婚？？？</p><p class=\"one-p\" style=\"margin-top: 0px; margin-bottom: 2em; padding: 0px; line-height: 2.2; overflow-wrap: break-word; font-family: &quot;Microsoft Yahei&quot;, Avenir, &quot;Segoe UI&quot;, &quot;Hiragino Sans GB&quot;, STHeiti, &quot;Microsoft Sans Serif&quot;, &quot;WenQuanYi Micro Hei&quot;, sans-serif; font-size: 18px; white-space: normal;\"><span style=\"font-weight: bolder;\">接下来就到了媒体更加激动的追逐徐家以及汪家，疯狂采访当事人及其周边所有亲朋，试图找寻答案的时间。</span></p><p class=\"one-p\" style=\"margin-top: 0px; margin-bottom: 2em; padding: 0px; line-height: 2.2; overflow-wrap: break-word; font-family: &quot;Microsoft Yahei&quot;, Avenir, &quot;Segoe UI&quot;, &quot;Hiragino Sans GB&quot;, STHeiti, &quot;Microsoft Sans Serif&quot;, &quot;WenQuanYi Micro Hei&quot;, sans-serif; font-size: 18px; white-space: normal;\">然后，精彩又好笑的部分也随之而来了。</p><p class=\"one-p\" style=\"margin-top: 0px; margin-bottom: 2em; padding: 0px; line-height: 2.2; overflow-wrap: break-word; font-family: &quot;Microsoft Yahei&quot;, Avenir, &quot;Segoe UI&quot;, &quot;Hiragino Sans GB&quot;, STHeiti, &quot;Microsoft Sans Serif&quot;, &quot;WenQuanYi Micro Hei&quot;, sans-serif; font-size: 18px; white-space: normal;\"><span style=\"font-weight: bolder;\">全员热闹又混乱还是轻的，重点是把每个人的回答都摆在一起看，简直能引发爆笑，仿佛看的不是直播离婚大战，而是大小S的新搞笑综艺一样。</span></p><p class=\"one-p\" style=\"margin-top: 0px; margin-bottom: 2em; padding: 0px; line-height: 2.2; overflow-wrap: break-word; font-family: &quot;Microsoft Yahei&quot;, Avenir, &quot;Segoe UI&quot;, &quot;Hiragino Sans GB&quot;, STHeiti, &quot;Microsoft Sans Serif&quot;, &quot;WenQuanYi Micro Hei&quot;, sans-serif; font-size: 18px; white-space: normal;\">媒体采访大S，大S说，对，给你们自曝一下，我正在离婚，懒得理汪小菲说什么。</p><p class=\"one-p\" style=\"margin-top: 0px; margin-bottom: 2em; padding: 0px; line-height: 2.2; overflow-wrap: break-word; font-family: &quot;Microsoft Yahei&quot;, Avenir, &quot;Segoe UI&quot;, &quot;Hiragino Sans GB&quot;, STHeiti, &quot;Microsoft Sans Serif&quot;, &quot;WenQuanYi Micro Hei&quot;, sans-serif; font-size: 18px; white-space: normal;\">然后，大S就消失了，所有人都找不到她了。</p><p class=\"one-p\" style=\"margin-top: 0px; margin-bottom: 2em; padding: 0px; line-height: 2.2; overflow-wrap: break-word; font-family: &quot;Microsoft Yahei&quot;, Avenir, &quot;Segoe UI&quot;, &quot;Hiragino Sans GB&quot;, STHeiti, &quot;Microsoft Sans Serif&quot;, &quot;WenQuanYi Micro Hei&quot;, sans-serif; font-size: 18px; white-space: normal;\">接着媒体又去问小S。</p><p class=\"one-p\" style=\"margin-top: 0px; margin-bottom: 2em; padding: 0px; line-height: 2.2; overflow-wrap: break-word; font-family: &quot;Microsoft Yahei&quot;, Avenir, &quot;Segoe UI&quot;, &quot;Hiragino Sans GB&quot;, STHeiti, &quot;Microsoft Sans Serif&quot;, &quot;WenQuanYi Micro Hei&quot;, sans-serif; font-size: 18px; white-space: normal;\">小S一如既往的俗辣，不敢替大S发言，给的回应是，啥也不知道哦，不回应谢谢。</p><p class=\"one-p\" style=\"margin-top: 0px; margin-bottom: 2em; padding: 0px; line-height: 2.2; overflow-wrap: break-word; font-family: &quot;Microsoft Yahei&quot;, Avenir, &quot;Segoe UI&quot;, &quot;Hiragino Sans GB&quot;, STHeiti, &quot;Microsoft Sans Serif&quot;, &quot;WenQuanYi Micro Hei&quot;, sans-serif; font-size: 18px; white-space: normal;\"><img class=\"content-picture\" src=\"/News/resources/upload/image/20210607/1623031518825013283.jpg\"/></p><p class=\"one-p\" style=\"margin-top: 0px; margin-bottom: 2em; padding: 0px; line-height: 2.2; overflow-wrap: break-word; font-family: &quot;Microsoft Yahei&quot;, Avenir, &quot;Segoe UI&quot;, &quot;Hiragino Sans GB&quot;, STHeiti, &quot;Microsoft Sans Serif&quot;, &quot;WenQuanYi Micro Hei&quot;, sans-serif; font-size: 18px; white-space: normal;\">妹妹不敢说，媒体就锲而不舍的去问徐妈妈小梅。</p><p class=\"one-p\" style=\"margin-top: 0px; margin-bottom: 2em; padding: 0px; line-height: 2.2; overflow-wrap: break-word; font-family: &quot;Microsoft Yahei&quot;, Avenir, &quot;Segoe UI&quot;, &quot;Hiragino Sans GB&quot;, STHeiti, &quot;Microsoft Sans Serif&quot;, &quot;WenQuanYi Micro Hei&quot;, sans-serif; font-size: 18px; white-space: normal;\">徐妈妈赶紧给女儿女婿解画调解，说大S只是气话，说自己会劝大S，夫妻俩都那么爱小孩，有事忍一忍就好，不要轻易说离婚。</p><p class=\"one-p\" style=\"margin-top: 0px; margin-bottom: 2em; padding: 0px; line-height: 2.2; overflow-wrap: break-word; font-family: &quot;Microsoft Yahei&quot;, Avenir, &quot;Segoe UI&quot;, &quot;Hiragino Sans GB&quot;, STHeiti, &quot;Microsoft Sans Serif&quot;, &quot;WenQuanYi Micro Hei&quot;, sans-serif; font-size: 18px; white-space: normal;\">接着大S经纪人也不能免俗的被追到了。</p><p class=\"one-p\" style=\"margin-top: 0px; margin-bottom: 2em; padding: 0px; line-height: 2.2; overflow-wrap: break-word; font-family: &quot;Microsoft Yahei&quot;, Avenir, &quot;Segoe UI&quot;, &quot;Hiragino Sans GB&quot;, STHeiti, &quot;Microsoft Sans Serif&quot;, &quot;WenQuanYi Micro Hei&quot;, sans-serif; font-size: 18px; white-space: normal;\">她也说哪有夫妻不吵架，自己正在了解具体怎么回事。</p><p class=\"one-p\" style=\"margin-top: 0px; margin-bottom: 2em; padding: 0px; line-height: 2.2; overflow-wrap: break-word; font-family: &quot;Microsoft Yahei&quot;, Avenir, &quot;Segoe UI&quot;, &quot;Hiragino Sans GB&quot;, STHeiti, &quot;Microsoft Sans Serif&quot;, &quot;WenQuanYi Micro Hei&quot;, sans-serif; font-size: 18px; white-space: normal;\"><img class=\"content-picture\" src=\"/News/resources/upload/image/20210607/1623031518851099639.jpg\"/></p><p class=\"one-p\" style=\"margin-top: 0px; margin-bottom: 2em; padding: 0px; line-height: 2.2; overflow-wrap: break-word; font-family: &quot;Microsoft Yahei&quot;, Avenir, &quot;Segoe UI&quot;, &quot;Hiragino Sans GB&quot;, STHeiti, &quot;Microsoft Sans Serif&quot;, &quot;WenQuanYi Micro Hei&quot;, sans-serif; font-size: 18px; white-space: normal;\">总之就是劝和为主。</p><p class=\"one-p\" style=\"margin-top: 0px; margin-bottom: 2em; padding: 0px; line-height: 2.2; overflow-wrap: break-word; font-family: &quot;Microsoft Yahei&quot;, Avenir, &quot;Segoe UI&quot;, &quot;Hiragino Sans GB&quot;, STHeiti, &quot;Microsoft Sans Serif&quot;, &quot;WenQuanYi Micro Hei&quot;, sans-serif; font-size: 18px; white-space: normal;\">那边呢，汪小菲的回应更搞笑。</p><p class=\"one-p\" style=\"margin-top: 0px; margin-bottom: 2em; padding: 0px; line-height: 2.2; overflow-wrap: break-word; font-family: &quot;Microsoft Yahei&quot;, Avenir, &quot;Segoe UI&quot;, &quot;Hiragino Sans GB&quot;, STHeiti, &quot;Microsoft Sans Serif&quot;, &quot;WenQuanYi Micro Hei&quot;, sans-serif; font-size: 18px; white-space: normal;\">他说，对于大S要离婚，自己不知情。</p><p class=\"one-p\" style=\"margin-top: 0px; margin-bottom: 2em; padding: 0px; line-height: 2.2; overflow-wrap: break-word; font-family: &quot;Microsoft Yahei&quot;, Avenir, &quot;Segoe UI&quot;, &quot;Hiragino Sans GB&quot;, STHeiti, &quot;Microsoft Sans Serif&quot;, &quot;WenQuanYi Micro Hei&quot;, sans-serif; font-size: 18px; white-space: normal;\">hhhhh。。</p><p class=\"one-p\" style=\"margin-top: 0px; margin-bottom: 2em; padding: 0px; line-height: 2.2; overflow-wrap: break-word; font-family: &quot;Microsoft Yahei&quot;, Avenir, &quot;Segoe UI&quot;, &quot;Hiragino Sans GB&quot;, STHeiti, &quot;Microsoft Sans Serif&quot;, &quot;WenQuanYi Micro Hei&quot;, sans-serif; font-size: 18px; white-space: normal;\"><img class=\"content-picture\" src=\"/News/resources/upload/image/20210607/1623031518913025785.jpg\"/></p><p class=\"one-p\" style=\"margin-top: 0px; margin-bottom: 2em; padding: 0px; line-height: 2.2; overflow-wrap: break-word; font-family: &quot;Microsoft Yahei&quot;, Avenir, &quot;Segoe UI&quot;, &quot;Hiragino Sans GB&quot;, STHeiti, &quot;Microsoft Sans Serif&quot;, &quot;WenQuanYi Micro Hei&quot;, sans-serif; font-size: 18px; white-space: normal;\">老婆说在离婚了在离婚了。</p><p class=\"one-p\" style=\"margin-top: 0px; margin-bottom: 2em; padding: 0px; line-height: 2.2; overflow-wrap: break-word; font-family: &quot;Microsoft Yahei&quot;, Avenir, &quot;Segoe UI&quot;, &quot;Hiragino Sans GB&quot;, STHeiti, &quot;Microsoft Sans Serif&quot;, &quot;WenQuanYi Micro Hei&quot;, sans-serif; font-size: 18px; white-space: normal;\">小姨子说我不知道我不知道。</p><p class=\"one-p\" style=\"margin-top: 0px; margin-bottom: 2em; padding: 0px; line-height: 2.2; overflow-wrap: break-word; font-family: &quot;Microsoft Yahei&quot;, Avenir, &quot;Segoe UI&quot;, &quot;Hiragino Sans GB&quot;, STHeiti, &quot;Microsoft Sans Serif&quot;, &quot;WenQuanYi Micro Hei&quot;, sans-serif; font-size: 18px; white-space: normal;\">丈母娘说只是吵架只是吵架。</p><p class=\"one-p\" style=\"margin-top: 0px; margin-bottom: 2em; padding: 0px; line-height: 2.2; overflow-wrap: break-word; font-family: &quot;Microsoft Yahei&quot;, Avenir, &quot;Segoe UI&quot;, &quot;Hiragino Sans GB&quot;, STHeiti, &quot;Microsoft Sans Serif&quot;, &quot;WenQuanYi Micro Hei&quot;, sans-serif; font-size: 18px; white-space: normal;\">老公说我被离婚了我不知道啊。</p><p class=\"one-p\" style=\"margin-top: 0px; margin-bottom: 2em; padding: 0px; line-height: 2.2; overflow-wrap: break-word; font-family: &quot;Microsoft Yahei&quot;, Avenir, &quot;Segoe UI&quot;, &quot;Hiragino Sans GB&quot;, STHeiti, &quot;Microsoft Sans Serif&quot;, &quot;WenQuanYi Micro Hei&quot;, sans-serif; font-size: 18px; white-space: normal;\">这风格。</p><p class=\"one-p\" style=\"margin-top: 0px; margin-bottom: 2em; padding: 0px; line-height: 2.2; overflow-wrap: break-word; font-family: &quot;Microsoft Yahei&quot;, Avenir, &quot;Segoe UI&quot;, &quot;Hiragino Sans GB&quot;, STHeiti, &quot;Microsoft Sans Serif&quot;, &quot;WenQuanYi Micro Hei&quot;, sans-serif; font-size: 18px; white-space: normal;\">真的就很台娱八点档哎有没有。。。</p><p class=\"one-p\" style=\"margin-top: 0px; margin-bottom: 2em; padding: 0px; line-height: 2.2; overflow-wrap: break-word; font-family: &quot;Microsoft Yahei&quot;, Avenir, &quot;Segoe UI&quot;, &quot;Hiragino Sans GB&quot;, STHeiti, &quot;Microsoft Sans Serif&quot;, &quot;WenQuanYi Micro Hei&quot;, sans-serif; font-size: 18px; white-space: normal;\"><span style=\"font-weight: bolder;\">再接下来呢。</span></p><p class=\"one-p\" style=\"margin-top: 0px; margin-bottom: 2em; padding: 0px; line-height: 2.2; overflow-wrap: break-word; font-family: &quot;Microsoft Yahei&quot;, Avenir, &quot;Segoe UI&quot;, &quot;Hiragino Sans GB&quot;, STHeiti, &quot;Microsoft Sans Serif&quot;, &quot;WenQuanYi Micro Hei&quot;, sans-serif; font-size: 18px; white-space: normal;\"><span style=\"font-weight: bolder;\">剧情依然超搞笑的。</span></p><p class=\"one-p\" style=\"margin-top: 0px; margin-bottom: 2em; padding: 0px; line-height: 2.2; overflow-wrap: break-word; font-family: &quot;Microsoft Yahei&quot;, Avenir, &quot;Segoe UI&quot;, &quot;Hiragino Sans GB&quot;, STHeiti, &quot;Microsoft Sans Serif&quot;, &quot;WenQuanYi Micro Hei&quot;, sans-serif; font-size: 18px; white-space: normal;\">周围人都在努力灭火，当事人之一表示毫不知情，另一个当事人却又被爆就是坚持要离婚了。</p><p class=\"one-p\" style=\"margin-top: 0px; margin-bottom: 2em; padding: 0px; line-height: 2.2; overflow-wrap: break-word; font-family: &quot;Microsoft Yahei&quot;, Avenir, &quot;Segoe UI&quot;, &quot;Hiragino Sans GB&quot;, STHeiti, &quot;Microsoft Sans Serif&quot;, &quot;WenQuanYi Micro Hei&quot;, sans-serif; font-size: 18px; white-space: normal;\">流星花园制作人柴智屏代替了“隐隐约约有听说啦”的范玮琪发言，说大S回信息告诉她，确实要离婚，不是开玩笑。</p><p class=\"one-p\" style=\"margin-top: 0px; margin-bottom: 2em; padding: 0px; line-height: 2.2; overflow-wrap: break-word; font-family: &quot;Microsoft Yahei&quot;, Avenir, &quot;Segoe UI&quot;, &quot;Hiragino Sans GB&quot;, STHeiti, &quot;Microsoft Sans Serif&quot;, &quot;WenQuanYi Micro Hei&quot;, sans-serif; font-size: 18px; white-space: normal;\"><img class=\"content-picture\" src=\"/News/resources/upload/image/20210607/1623031518966062022.png\"/></p><p class=\"one-p\" style=\"margin-top: 0px; margin-bottom: 2em; padding: 0px; line-height: 2.2; overflow-wrap: break-word; font-family: &quot;Microsoft Yahei&quot;, Avenir, &quot;Segoe UI&quot;, &quot;Hiragino Sans GB&quot;, STHeiti, &quot;Microsoft Sans Serif&quot;, &quot;WenQuanYi Micro Hei&quot;, sans-serif; font-size: 18px; white-space: normal;\">看起来，大S少女时期一言不合就暴怒离家出走的脾气至今也还在。</p><p class=\"one-p\" style=\"margin-top: 0px; margin-bottom: 2em; padding: 0px; line-height: 2.2; overflow-wrap: break-word; font-family: &quot;Microsoft Yahei&quot;, Avenir, &quot;Segoe UI&quot;, &quot;Hiragino Sans GB&quot;, STHeiti, &quot;Microsoft Sans Serif&quot;, &quot;WenQuanYi Micro Hei&quot;, sans-serif; font-size: 18px; white-space: normal;\">大S家这边被采访完了，就轮到作为汪小菲唯一知名亲属的汪妈妈——前女强人张兰出场了。</p><p class=\"one-p\" style=\"margin-top: 0px; margin-bottom: 2em; padding: 0px; line-height: 2.2; overflow-wrap: break-word; font-family: &quot;Microsoft Yahei&quot;, Avenir, &quot;Segoe UI&quot;, &quot;Hiragino Sans GB&quot;, STHeiti, &quot;Microsoft Sans Serif&quot;, &quot;WenQuanYi Micro Hei&quot;, sans-serif; font-size: 18px; white-space: normal;\">她也很有梗。</p><p class=\"one-p\" style=\"margin-top: 0px; margin-bottom: 2em; padding: 0px; line-height: 2.2; overflow-wrap: break-word; font-family: &quot;Microsoft Yahei&quot;, Avenir, &quot;Segoe UI&quot;, &quot;Hiragino Sans GB&quot;, STHeiti, &quot;Microsoft Sans Serif&quot;, &quot;WenQuanYi Micro Hei&quot;, sans-serif; font-size: 18px; white-space: normal;\">儿子媳妇闹离婚这股热度她没浪费，风口浪尖上还是抓紧时间坚持吆喝带货做直播了。</p><p class=\"one-p\" style=\"margin-top: 0px; margin-bottom: 2em; padding: 0px; line-height: 2.2; overflow-wrap: break-word; font-family: &quot;Microsoft Yahei&quot;, Avenir, &quot;Segoe UI&quot;, &quot;Hiragino Sans GB&quot;, STHeiti, &quot;Microsoft Sans Serif&quot;, &quot;WenQuanYi Micro Hei&quot;, sans-serif; font-size: 18px; white-space: normal;\">屏幕刷屏的问她儿子离婚没，她也气定神闲，先说了句兰姐自己30年前就离婚了。</p><p class=\"one-p\" style=\"margin-top: 0px; margin-bottom: 2em; padding: 0px; line-height: 2.2; overflow-wrap: break-word; font-family: &quot;Microsoft Yahei&quot;, Avenir, &quot;Segoe UI&quot;, &quot;Hiragino Sans GB&quot;, STHeiti, &quot;Microsoft Sans Serif&quot;, &quot;WenQuanYi Micro Hei&quot;, sans-serif; font-size: 18px; white-space: normal;\"><img class=\"content-picture\" src=\"/News/resources/upload/image/20210607/1623031519001042419.png\"/></p><p class=\"one-p\" style=\"margin-top: 0px; margin-bottom: 2em; padding: 0px; line-height: 2.2; overflow-wrap: break-word; font-family: &quot;Microsoft Yahei&quot;, Avenir, &quot;Segoe UI&quot;, &quot;Hiragino Sans GB&quot;, STHeiti, &quot;Microsoft Sans Serif&quot;, &quot;WenQuanYi Micro Hei&quot;, sans-serif; font-size: 18px; white-space: normal;\">等几个小时卖货直播完事了，才正式回复一句我儿子不会离婚。</p><p class=\"one-p\" style=\"margin-top: 0px; margin-bottom: 2em; padding: 0px; line-height: 2.2; overflow-wrap: break-word; font-family: &quot;Microsoft Yahei&quot;, Avenir, &quot;Segoe UI&quot;, &quot;Hiragino Sans GB&quot;, STHeiti, &quot;Microsoft Sans Serif&quot;, &quot;WenQuanYi Micro Hei&quot;, sans-serif; font-size: 18px; white-space: normal;\">算是物尽其用了。</p><p class=\"one-p\" style=\"margin-top: 0px; margin-bottom: 2em; padding: 0px; line-height: 2.2; overflow-wrap: break-word; font-family: &quot;Microsoft Yahei&quot;, Avenir, &quot;Segoe UI&quot;, &quot;Hiragino Sans GB&quot;, STHeiti, &quot;Microsoft Sans Serif&quot;, &quot;WenQuanYi Micro Hei&quot;, sans-serif; font-size: 18px; white-space: normal;\">虽然俏江南没了，但这次看起来，张兰管咋地确实是个很努力的商人没错了。</p><p class=\"one-p\" style=\"margin-top: 0px; margin-bottom: 2em; padding: 0px; line-height: 2.2; overflow-wrap: break-word; font-family: &quot;Microsoft Yahei&quot;, Avenir, &quot;Segoe UI&quot;, &quot;Hiragino Sans GB&quot;, STHeiti, &quot;Microsoft Sans Serif&quot;, &quot;WenQuanYi Micro Hei&quot;, sans-serif; font-size: 18px; white-space: normal;\">故事发展到这里，可能大家也想嘲一句。</p><p class=\"one-p\" style=\"margin-top: 0px; margin-bottom: 2em; padding: 0px; line-height: 2.2; overflow-wrap: break-word; font-family: &quot;Microsoft Yahei&quot;, Avenir, &quot;Segoe UI&quot;, &quot;Hiragino Sans GB&quot;, STHeiti, &quot;Microsoft Sans Serif&quot;, &quot;WenQuanYi Micro Hei&quot;, sans-serif; font-size: 18px; white-space: normal;\">大S和汪小菲是没互相加微信吗？</p><p class=\"one-p\" style=\"margin-top: 0px; margin-bottom: 2em; padding: 0px; line-height: 2.2; overflow-wrap: break-word; font-family: &quot;Microsoft Yahei&quot;, Avenir, &quot;Segoe UI&quot;, &quot;Hiragino Sans GB&quot;, STHeiti, &quot;Microsoft Sans Serif&quot;, &quot;WenQuanYi Micro Hei&quot;, sans-serif; font-size: 18px; white-space: normal;\">他们家亲戚都没有相亲相爱一家人的微信群吗？</p><p class=\"one-p\" style=\"margin-top: 0px; margin-bottom: 2em; padding: 0px; line-height: 2.2; overflow-wrap: break-word; font-family: &quot;Microsoft Yahei&quot;, Avenir, &quot;Segoe UI&quot;, &quot;Hiragino Sans GB&quot;, STHeiti, &quot;Microsoft Sans Serif&quot;, &quot;WenQuanYi Micro Hei&quot;, sans-serif; font-size: 18px; white-space: normal;\">为什么要在媒体上隔空传话，不能私下说？</p><p class=\"one-p\" style=\"margin-top: 0px; margin-bottom: 2em; padding: 0px; line-height: 2.2; overflow-wrap: break-word; font-family: &quot;Microsoft Yahei&quot;, Avenir, &quot;Segoe UI&quot;, &quot;Hiragino Sans GB&quot;, STHeiti, &quot;Microsoft Sans Serif&quot;, &quot;WenQuanYi Micro Hei&quot;, sans-serif; font-size: 18px; white-space: normal;\">hhhh。。</p><p class=\"one-p\" style=\"margin-top: 0px; margin-bottom: 2em; padding: 0px; line-height: 2.2; overflow-wrap: break-word; font-family: &quot;Microsoft Yahei&quot;, Avenir, &quot;Segoe UI&quot;, &quot;Hiragino Sans GB&quot;, STHeiti, &quot;Microsoft Sans Serif&quot;, &quot;WenQuanYi Micro Hei&quot;, sans-serif; font-size: 18px; white-space: normal;\">这个问题问的挺好，也很有道理。</p><p class=\"one-p\" style=\"margin-top: 0px; margin-bottom: 2em; padding: 0px; line-height: 2.2; overflow-wrap: break-word; font-family: &quot;Microsoft Yahei&quot;, Avenir, &quot;Segoe UI&quot;, &quot;Hiragino Sans GB&quot;, STHeiti, &quot;Microsoft Sans Serif&quot;, &quot;WenQuanYi Micro Hei&quot;, sans-serif; font-size: 18px; white-space: normal;\">但目前综合看，是大S要离婚，并且拒绝沟通了。</p><p class=\"one-p\" style=\"margin-top: 0px; margin-bottom: 2em; padding: 0px; line-height: 2.2; overflow-wrap: break-word; font-family: &quot;Microsoft Yahei&quot;, Avenir, &quot;Segoe UI&quot;, &quot;Hiragino Sans GB&quot;, STHeiti, &quot;Microsoft Sans Serif&quot;, &quot;WenQuanYi Micro Hei&quot;, sans-serif; font-size: 18px; white-space: normal;\">而汪小菲呢。</p><p class=\"one-p\" style=\"margin-top: 0px; margin-bottom: 2em; padding: 0px; line-height: 2.2; overflow-wrap: break-word; font-family: &quot;Microsoft Yahei&quot;, Avenir, &quot;Segoe UI&quot;, &quot;Hiragino Sans GB&quot;, STHeiti, &quot;Microsoft Sans Serif&quot;, &quot;WenQuanYi Micro Hei&quot;, sans-serif; font-size: 18px; white-space: normal;\">可能是酒醒了，开始怂了。</p><p class=\"one-p\" style=\"margin-top: 0px; margin-bottom: 2em; padding: 0px; line-height: 2.2; overflow-wrap: break-word; font-family: &quot;Microsoft Yahei&quot;, Avenir, &quot;Segoe UI&quot;, &quot;Hiragino Sans GB&quot;, STHeiti, &quot;Microsoft Sans Serif&quot;, &quot;WenQuanYi Micro Hei&quot;, sans-serif; font-size: 18px; white-space: normal;\">从一开始的三连修改微博</p><p class=\"one-p\" style=\"margin-top: 0px; margin-bottom: 2em; padding: 0px; line-height: 2.2; overflow-wrap: break-word; font-family: &quot;Microsoft Yahei&quot;, Avenir, &quot;Segoe UI&quot;, &quot;Hiragino Sans GB&quot;, STHeiti, &quot;Microsoft Sans Serif&quot;, &quot;WenQuanYi Micro Hei&quot;, sans-serif; font-size: 18px; white-space: normal;\"><img class=\"content-picture\" src=\"/News/resources/upload/image/20210607/1623031519437065182.jpg\"/></p><p class=\"one-p\" style=\"margin-top: 0px; margin-bottom: 2em; padding: 0px; line-height: 2.2; overflow-wrap: break-word; font-family: &quot;Microsoft Yahei&quot;, Avenir, &quot;Segoe UI&quot;, &quot;Hiragino Sans GB&quot;, STHeiti, &quot;Microsoft Sans Serif&quot;, &quot;WenQuanYi Micro Hei&quot;, sans-serif; font-size: 18px; white-space: normal;\">到微博公开给家人道歉。</p><p class=\"one-p\" style=\"margin-top: 0px; margin-bottom: 2em; padding: 0px; line-height: 2.2; overflow-wrap: break-word; font-family: &quot;Microsoft Yahei&quot;, Avenir, &quot;Segoe UI&quot;, &quot;Hiragino Sans GB&quot;, STHeiti, &quot;Microsoft Sans Serif&quot;, &quot;WenQuanYi Micro Hei&quot;, sans-serif; font-size: 18px; white-space: normal;\">再到表白爱老婆，老婆第一（不过这条又删了）。</p><p class=\"one-p\" style=\"margin-top: 0px; margin-bottom: 2em; padding: 0px; line-height: 2.2; overflow-wrap: break-word; font-family: &quot;Microsoft Yahei&quot;, Avenir, &quot;Segoe UI&quot;, &quot;Hiragino Sans GB&quot;, STHeiti, &quot;Microsoft Sans Serif&quot;, &quot;WenQuanYi Micro Hei&quot;, sans-serif; font-size: 18px; white-space: normal;\"><img class=\"content-picture\" src=\"/News/resources/upload/image/20210607/1623031519511071590.png\"/></p><p class=\"one-p\" style=\"margin-top: 0px; margin-bottom: 2em; padding: 0px; line-height: 2.2; overflow-wrap: break-word; font-family: &quot;Microsoft Yahei&quot;, Avenir, &quot;Segoe UI&quot;, &quot;Hiragino Sans GB&quot;, STHeiti, &quot;Microsoft Sans Serif&quot;, &quot;WenQuanYi Micro Hei&quot;, sans-serif; font-size: 18px; white-space: normal;\">看起来如果大S消气了不离了，汪小菲绝不会是要主动签字的那个。</p><p class=\"one-p\" style=\"margin-top: 0px; margin-bottom: 2em; padding: 0px; line-height: 2.2; overflow-wrap: break-word; font-family: &quot;Microsoft Yahei&quot;, Avenir, &quot;Segoe UI&quot;, &quot;Hiragino Sans GB&quot;, STHeiti, &quot;Microsoft Sans Serif&quot;, &quot;WenQuanYi Micro Hei&quot;, sans-serif; font-size: 18px; white-space: normal;\">如果大S坚持要离婚，一条微博肯定也不会是终极原因，积攒下来的矛盾才会是分手的主因。</p><p class=\"one-p\" style=\"margin-top: 0px; margin-bottom: 2em; padding: 0px; line-height: 2.2; overflow-wrap: break-word; font-family: &quot;Microsoft Yahei&quot;, Avenir, &quot;Segoe UI&quot;, &quot;Hiragino Sans GB&quot;, STHeiti, &quot;Microsoft Sans Serif&quot;, &quot;WenQuanYi Micro Hei&quot;, sans-serif; font-size: 18px; white-space: normal;\">回头再看看这件事，客观讲，虽然骂的内容没有问题，但这种泄愤导致的后果是肉眼可见的。</p><p class=\"one-p\" style=\"margin-top: 0px; margin-bottom: 2em; padding: 0px; line-height: 2.2; overflow-wrap: break-word; font-family: &quot;Microsoft Yahei&quot;, Avenir, &quot;Segoe UI&quot;, &quot;Hiragino Sans GB&quot;, STHeiti, &quot;Microsoft Sans Serif&quot;, &quot;WenQuanYi Micro Hei&quot;, sans-serif; font-size: 18px; white-space: normal;\">汪小菲那条 微博骂词很激烈，可以理解，看到那条阳性居民随便飞的新闻时我也觉得不可思议+愤怒+害怕，甚至想开麦骂几嗓子。</p><p class=\"one-p\" style=\"margin-top: 0px; margin-bottom: 2em; padding: 0px; line-height: 2.2; overflow-wrap: break-word; font-family: &quot;Microsoft Yahei&quot;, Avenir, &quot;Segoe UI&quot;, &quot;Hiragino Sans GB&quot;, STHeiti, &quot;Microsoft Sans Serif&quot;, &quot;WenQuanYi Micro Hei&quot;, sans-serif; font-size: 18px; white-space: normal;\">但大概率汪小菲这条微博除了泄愤外和家人产生矛盾了所以才那般怒气冲冲也是很有可能的（这点从他后来的找补微博里也看出来了）。</p><p class=\"one-p\" style=\"margin-top: 0px; margin-bottom: 2em; padding: 0px; line-height: 2.2; overflow-wrap: break-word; font-family: &quot;Microsoft Yahei&quot;, Avenir, &quot;Segoe UI&quot;, &quot;Hiragino Sans GB&quot;, STHeiti, &quot;Microsoft Sans Serif&quot;, &quot;WenQuanYi Micro Hei&quot;, sans-serif; font-size: 18px; white-space: normal;\">这条微博肯定会引发争议甚至会带给伴侣及其一家麻烦也想显而易见的。</p><p class=\"one-p\" style=\"margin-top: 0px; margin-bottom: 2em; padding: 0px; line-height: 2.2; overflow-wrap: break-word; font-family: &quot;Microsoft Yahei&quot;, Avenir, &quot;Segoe UI&quot;, &quot;Hiragino Sans GB&quot;, STHeiti, &quot;Microsoft Sans Serif&quot;, &quot;WenQuanYi Micro Hei&quot;, sans-serif; font-size: 18px; white-space: normal;\">作为旁观的吃瓜群众，我们可能觉得汪小菲的话就事论事没有问题，但作为从小出生在台湾长在台湾所有亲戚朋友关系网都在台湾的大S来说，伴侣在公开媒体上一再大骂她的家乡，惹来媒体一次次的争议报道，甚至稍有不慎就会拔高到两岸矛盾。</p><p class=\"one-p\" style=\"margin-top: 0px; margin-bottom: 2em; padding: 0px; line-height: 2.2; overflow-wrap: break-word; font-family: &quot;Microsoft Yahei&quot;, Avenir, &quot;Segoe UI&quot;, &quot;Hiragino Sans GB&quot;, STHeiti, &quot;Microsoft Sans Serif&quot;, &quot;WenQuanYi Micro Hei&quot;, sans-serif; font-size: 18px; white-space: normal;\">对公共环境没有任何改善。</p><p class=\"one-p\" style=\"margin-top: 0px; margin-bottom: 2em; padding: 0px; line-height: 2.2; overflow-wrap: break-word; font-family: &quot;Microsoft Yahei&quot;, Avenir, &quot;Segoe UI&quot;, &quot;Hiragino Sans GB&quot;, STHeiti, &quot;Microsoft Sans Serif&quot;, &quot;WenQuanYi Micro Hei&quot;, sans-serif; font-size: 18px; white-space: normal;\">对家庭关系只会雪上加霜。</p><p class=\"one-p\" style=\"margin-top: 0px; margin-bottom: 2em; padding: 0px; line-height: 2.2; overflow-wrap: break-word; font-family: &quot;Microsoft Yahei&quot;, Avenir, &quot;Segoe UI&quot;, &quot;Hiragino Sans GB&quot;, STHeiti, &quot;Microsoft Sans Serif&quot;, &quot;WenQuanYi Micro Hei&quot;, sans-serif; font-size: 18px; white-space: normal;\">除非决定好了要一别两宽不想过日子了。</p><p class=\"one-p\" style=\"margin-top: 0px; margin-bottom: 2em; padding: 0px; line-height: 2.2; overflow-wrap: break-word; font-family: &quot;Microsoft Yahei&quot;, Avenir, &quot;Segoe UI&quot;, &quot;Hiragino Sans GB&quot;, STHeiti, &quot;Microsoft Sans Serif&quot;, &quot;WenQuanYi Micro Hei&quot;, sans-serif; font-size: 18px; white-space: normal;\">否则汪小菲这种酒后操作，真的没必要。</p><p class=\"one-p\" style=\"margin-top: 0px; margin-bottom: 2em; padding: 0px; line-height: 2.2; overflow-wrap: break-word; font-family: &quot;Microsoft Yahei&quot;, Avenir, &quot;Segoe UI&quot;, &quot;Hiragino Sans GB&quot;, STHeiti, &quot;Microsoft Sans Serif&quot;, &quot;WenQuanYi Micro Hei&quot;, sans-serif; font-size: 18px; white-space: normal;\">有些道理是的对的话，却不一定适合从所有人的嘴里说出来。</p><p class=\"one-p\" style=\"margin-top: 0px; margin-bottom: 2em; padding: 0px; line-height: 2.2; overflow-wrap: break-word; font-family: &quot;Microsoft Yahei&quot;, Avenir, &quot;Segoe UI&quot;, &quot;Hiragino Sans GB&quot;, STHeiti, &quot;Microsoft Sans Serif&quot;, &quot;WenQuanYi Micro Hei&quot;, sans-serif; font-size: 18px; white-space: normal;\">▼</p><p class=\"one-p\" style=\"margin-top: 0px; margin-bottom: 2em; padding: 0px; line-height: 2.2; overflow-wrap: break-word; font-family: &quot;Microsoft Yahei&quot;, Avenir, &quot;Segoe UI&quot;, &quot;Hiragino Sans GB&quot;, STHeiti, &quot;Microsoft Sans Serif&quot;, &quot;WenQuanYi Micro Hei&quot;, sans-serif; font-size: 18px; white-space: normal;\"><span style=\"font-weight: bolder;\">娱乐是个圈（juan）</span></p><p class=\"one-p\" style=\"margin-top: 0px; margin-bottom: 2em; padding: 0px; line-height: 2.2; overflow-wrap: break-word; font-family: &quot;Microsoft Yahei&quot;, Avenir, &quot;Segoe UI&quot;, &quot;Hiragino Sans GB&quot;, STHeiti, &quot;Microsoft Sans Serif&quot;, &quot;WenQuanYi Micro Hei&quot;, sans-serif; font-size: 18px; white-space: normal;\"><span style=\"font-weight: bolder;\">我们不吹不黑讲道理</span></p><p><br/></p>', 1, 0, '2021-06-07 10:06:39');
INSERT INTO `news` VALUES (17, 14, '美军机首降台岛，放弃对台“战略模糊”？美专家：大陆会随时开火', '美军机 大陆 台湾', '军事', '/News/resources/upload/1623031752037.png', '前沿港所', '<p class=\"one-p\" style=\"margin-top: 0px; margin-bottom: 2em; padding: 0px; line-height: 2.2; overflow-wrap: break-word; font-family: &quot;Microsoft Yahei&quot;, Avenir, &quot;Segoe UI&quot;, &quot;Hiragino Sans GB&quot;, STHeiti, &quot;Microsoft Sans Serif&quot;, &quot;WenQuanYi Micro Hei&quot;, sans-serif; font-size: 18px; white-space: normal;\">现如今美国对于中国的崛起，已经无力进行遏制了。因此，台海问题成为了美国对付中国的最后且最有效的一张王牌。所以在最近一段时间里，我们就看到了美台加强军事勾连的种种迹象，而这些迹象也表明，美国打台海牌的手段，正变得越来越极端了。</p><p class=\"one-p\" style=\"margin-top: 0px; margin-bottom: 2em; padding: 0px; line-height: 2.2; overflow-wrap: break-word; font-family: &quot;Microsoft Yahei&quot;, Avenir, &quot;Segoe UI&quot;, &quot;Hiragino Sans GB&quot;, STHeiti, &quot;Microsoft Sans Serif&quot;, &quot;WenQuanYi Micro Hei&quot;, sans-serif; font-size: 18px; white-space: normal;\"><img class=\"content-picture\" src=\"/News/resources/upload/image/20210607/1623031775477063338.png\"/></p><p class=\"one-p\" style=\"margin-top: 0px; margin-bottom: 2em; padding: 0px; line-height: 2.2; overflow-wrap: break-word; font-family: &quot;Microsoft Yahei&quot;, Avenir, &quot;Segoe UI&quot;, &quot;Hiragino Sans GB&quot;, STHeiti, &quot;Microsoft Sans Serif&quot;, &quot;WenQuanYi Micro Hei&quot;, sans-serif; font-size: 18px; white-space: normal;\">据台媒6月6日报道称，当天早上7点19分左右，美军的一架C-17大型运输机突然降落在了台北松山机场。据悉，这是40年以来美军机首次降落台岛，而且还带来了3名美国联邦参议院议员，他们分别是昆斯、达克沃丝和苏利文。报道称，台当局将会就防疫问题与美国这3名议员展开会谈，但是背后到底有什么猫腻，也只有他们自己心里清楚。</p><p class=\"one-p\" style=\"margin-top: 0px; margin-bottom: 2em; padding: 0px; line-height: 2.2; overflow-wrap: break-word; font-family: &quot;Microsoft Yahei&quot;, Avenir, &quot;Segoe UI&quot;, &quot;Hiragino Sans GB&quot;, STHeiti, &quot;Microsoft Sans Serif&quot;, &quot;WenQuanYi Micro Hei&quot;, sans-serif; font-size: 18px; white-space: normal;\"><img class=\"content-picture\" src=\"/News/resources/upload/image/20210607/1623031775942084750.png\"/></p><p class=\"one-p\" style=\"margin-top: 0px; margin-bottom: 2em; padding: 0px; line-height: 2.2; overflow-wrap: break-word; font-family: &quot;Microsoft Yahei&quot;, Avenir, &quot;Segoe UI&quot;, &quot;Hiragino Sans GB&quot;, STHeiti, &quot;Microsoft Sans Serif&quot;, &quot;WenQuanYi Micro Hei&quot;, sans-serif; font-size: 18px; white-space: normal;\">对此有分析人士认为，现在正是中美关系紧张的时刻，美国议员突然乘坐美军运输机前往台岛进行访问。这无疑是在给紧张的局势又添了一把火，因为大家都知道美国军机降落在台岛是一个非常严重的事件，这相当于已经踩到了中国维护国家统一的红线，而美国明明知道这一底线，却还要乘坐一架空军运输机而不是私人飞机来台，这一行为就是在试探大陆的底线，用心十分险恶。</p><p class=\"one-p\" style=\"margin-top: 0px; margin-bottom: 2em; padding: 0px; line-height: 2.2; overflow-wrap: break-word; font-family: &quot;Microsoft Yahei&quot;, Avenir, &quot;Segoe UI&quot;, &quot;Hiragino Sans GB&quot;, STHeiti, &quot;Microsoft Sans Serif&quot;, &quot;WenQuanYi Micro Hei&quot;, sans-serif; font-size: 18px; white-space: normal;\"><img class=\"content-picture\" src=\"/News/resources/upload/image/20210607/1623031776389030523.png\"/></p><p class=\"one-p\" style=\"margin-top: 0px; margin-bottom: 2em; padding: 0px; line-height: 2.2; overflow-wrap: break-word; font-family: &quot;Microsoft Yahei&quot;, Avenir, &quot;Segoe UI&quot;, &quot;Hiragino Sans GB&quot;, STHeiti, &quot;Microsoft Sans Serif&quot;, &quot;WenQuanYi Micro Hei&quot;, sans-serif; font-size: 18px; white-space: normal;\">不得不说，美国现在对于台海问题的态度已经越来越明显了。之前还有五角大楼的高官，也就是美国助理国防部长提名人迈耶尔，声称要按照所谓的“美台关系法”和“协助台湾自力防卫”等规定，将美军特种作战部队派往台岛，协助台军训练，以此来增强台军部队的作战能力。</p><p class=\"one-p\" style=\"margin-top: 0px; margin-bottom: 2em; padding: 0px; line-height: 2.2; overflow-wrap: break-word; font-family: &quot;Microsoft Yahei&quot;, Avenir, &quot;Segoe UI&quot;, &quot;Hiragino Sans GB&quot;, STHeiti, &quot;Microsoft Sans Serif&quot;, &quot;WenQuanYi Micro Hei&quot;, sans-serif; font-size: 18px; white-space: normal;\">除此之外，在前不久还有台媒报道指出，台军战机已经飞往美国进行装备升级和相应的作战训练。由此可见，美台军事勾连已经越来越明显，美国也正在慢慢放弃对台“战略模糊”的策略。</p><p class=\"one-p\" style=\"margin-top: 0px; margin-bottom: 2em; padding: 0px; line-height: 2.2; overflow-wrap: break-word; font-family: &quot;Microsoft Yahei&quot;, Avenir, &quot;Segoe UI&quot;, &quot;Hiragino Sans GB&quot;, STHeiti, &quot;Microsoft Sans Serif&quot;, &quot;WenQuanYi Micro Hei&quot;, sans-serif; font-size: 18px; white-space: normal;\"><img class=\"content-picture\" src=\"/News/resources/upload/image/20210607/1623031776940071292.jpg\"/></p><p class=\"one-p\" style=\"margin-top: 0px; margin-bottom: 2em; padding: 0px; line-height: 2.2; overflow-wrap: break-word; font-family: &quot;Microsoft Yahei&quot;, Avenir, &quot;Segoe UI&quot;, &quot;Hiragino Sans GB&quot;, STHeiti, &quot;Microsoft Sans Serif&quot;, &quot;WenQuanYi Micro Hei&quot;, sans-serif; font-size: 18px; white-space: normal;\">在此背景下，美国专家戴森就发出了警告，他指出美国不断地在台海问题上冒险，实际上就是拿台当局命运做赌注，即便是赌输了，那也是台岛2300万民众受苦，对美国影响并不大。</p><p class=\"one-p\" style=\"margin-top: 0px; margin-bottom: 2em; padding: 0px; line-height: 2.2; overflow-wrap: break-word; font-family: &quot;Microsoft Yahei&quot;, Avenir, &quot;Segoe UI&quot;, &quot;Hiragino Sans GB&quot;, STHeiti, &quot;Microsoft Sans Serif&quot;, &quot;WenQuanYi Micro Hei&quot;, sans-serif; font-size: 18px; white-space: normal;\">同时，戴森还强调美国的这种做法极其危险，因为对于中国而言，美军机降落台岛的行为已经触及到了红线，解放军可能会随时摧毁相关机场和降落在该机场的美国军机。如此一来，台海战争或许将会被引爆，这对世界来说都会是场大灾难。总之，美国和台当局切莫在作死的边缘试探，否则这种危险的行为必将会玩火自焚。（辰亦）</p><p><br/></p>', 7, 0, '2021-06-07 10:09:39');

-- ----------------------------
-- Table structure for news_category
-- ----------------------------
DROP TABLE IF EXISTS `news_category`;
CREATE TABLE `news_category`  (
  `id` int(11) NOT NULL AUTO_INCREMENT,
  `name` varchar(32) CHARACTER SET utf8 COLLATE utf8_general_ci NOT NULL,
  `sort` int(3) NOT NULL DEFAULT 0,
  PRIMARY KEY (`id`) USING BTREE
) ENGINE = InnoDB AUTO_INCREMENT = 19 CHARACTER SET = utf8 COLLATE = utf8_general_ci ROW_FORMAT = Dynamic;

-- ----------------------------
-- Records of news_category
-- ----------------------------
INSERT INTO `news_category` VALUES (5, '国内', 0);
INSERT INTO `news_category` VALUES (10, '国际', 1);
INSERT INTO `news_category` VALUES (14, '军事', 2);
INSERT INTO `news_category` VALUES (15, '财经', 3);
INSERT INTO `news_category` VALUES (16, '体育', 4);
INSERT INTO `news_category` VALUES (17, '娱乐', 5);
INSERT INTO `news_category` VALUES (18, '抗肺炎', 6);

-- ----------------------------
-- Table structure for role
-- ----------------------------
DROP TABLE IF EXISTS `role`;
CREATE TABLE `role`  (
  `id` int(11) NOT NULL AUTO_INCREMENT,
  `name` varchar(32) CHARACTER SET utf8 COLLATE utf8_general_ci NOT NULL,
  `remark` varchar(128) CHARACTER SET utf8 COLLATE utf8_general_ci NULL DEFAULT NULL,
  PRIMARY KEY (`id`) USING BTREE
) ENGINE = InnoDB AUTO_INCREMENT = 3 CHARACTER SET = utf8 COLLATE = utf8_general_ci ROW_FORMAT = Dynamic;

-- ----------------------------
-- Records of role
-- ----------------------------
INSERT INTO `role` VALUES (1, '超级管理员', '超级管理员拥有一切权限！');
INSERT INTO `role` VALUES (2, '普通用户', '普通用户，请自由授权！');

-- ----------------------------
-- Table structure for user
-- ----------------------------
DROP TABLE IF EXISTS `user`;
CREATE TABLE `user`  (
  `id` int(11) NOT NULL AUTO_INCREMENT,
  `username` varchar(32) CHARACTER SET utf8 COLLATE utf8_general_ci NOT NULL,
  `password` varchar(32) CHARACTER SET utf8 COLLATE utf8_general_ci NOT NULL,
  `roleId` int(11) NOT NULL,
  `photo` varchar(128) CHARACTER SET utf8 COLLATE utf8_general_ci NULL DEFAULT NULL,
  `sex` int(1) NOT NULL DEFAULT 0,
  `age` int(3) NOT NULL DEFAULT 0,
  `address` varchar(128) CHARACTER SET utf8 COLLATE utf8_general_ci NULL DEFAULT NULL,
  PRIMARY KEY (`id`) USING BTREE,
  INDEX `roleId`(`roleId`) USING BTREE,
  CONSTRAINT `user_ibfk_1` FOREIGN KEY (`roleId`) REFERENCES `role` (`id`) ON DELETE RESTRICT ON UPDATE RESTRICT
) ENGINE = InnoDB AUTO_INCREMENT = 14 CHARACTER SET = utf8 COLLATE = utf8_general_ci ROW_FORMAT = Dynamic;

-- ----------------------------
-- Records of user
-- ----------------------------
INSERT INTO `user` VALUES (1, 'admin', 'admin', 1, '/News/resources/upload/1545572488494.jpg', 1, 1, '上海市浦东新区浦东南路1835号');
INSERT INTO `user` VALUES (13, '猿来入此', '123456', 2, '/News/resources/upload/1545572546524.jpg', 1, 1, '猿来入此');

SET FOREIGN_KEY_CHECKS = 1;
